NW_022145594.1:386506_397449	24.65	35.15	12.71	33.42
NW_022145594.1:1061433_1081134	14.75	19.64	9.01	18.89
NW_022145594.1:1200291_1211936	27.75	18.7	12.8	17.71
NW_022145594.1:1497814_1511576	16.59	21.23	16.81	11.07
NW_022145594.1:2066859_2079343	14.78	17.4	9.01	22.64
NW_022145594.1:2357641_2367805	14.99	41.41	7.11	19.51
NW_022145594.1:2663397_2696256	77.38	31.41	18.65	9.94
NW_022145594.1:2838088_2849615	20.58	38.02	21.09	37.76
NW_022145594.1:2927226_2945605	17.39	21.76	16.56	20.89
NW_022145594.1:2945703_2965604	20.23	40.42	14.81	47.23
NW_022145594.1:3023222_3049901	21.91	29.68	12.55	19.77
NW_022145594.1:3403873_3418143	22.42	16.86	5.36	13.2
NW_022145594.1:3639531_3657216	13.84	19.09	9.71	34.41
NW_022145594.1:4131988_4159879	37.77	25.46	31.48	29.61
NW_022145594.1:4509299_4543462	24.68	26.12	11.15	31.78
NW_022145594.1:5266744_5278945	55.22	33.7	18.16	49.96
NW_022145594.1:5713585_5807045	33.77	41.96	11.52	54.55
NW_022145594.1:5851726_5884043	20.28	29.89	12.31	15.29
NW_022145594.1:6366603_6478127	18.17	19.57	9.46	9.18
NW_022145594.1:8006888_8024088	14.04	18.17	9.75	28.6
NW_022145594.1:8438015_8450353	15.58	15.9	7.83	17.81
NW_022145594.1:9492750_9507804	9.73	12.79	5.78	9.68
NW_022145594.1:10060314_10076501	27.86	28.33	15.33	12.13
NW_022145594.1:10170970_10219263	28.48	35.72	10.51	16.34
NW_022145594.1:10644416_10654523	25.64	75.97	14.33	75.92
NW_022145594.1:12612753_12650594	21.79	18.22	7.3	11.73
NW_022145594.1:12811850_12929285	7.25	15.35	6.89	7.53
NW_022145594.1:13195102_13223219	8.61	11.38	7.64	8.04
NW_022145594.1:16828437_16865367	19.87	14.53	12.29	6.16
NW_022145594.1:18412821_18476025	13.59	15.87	8.61	13.73
NW_022145594.1:18774378_18801476	18.8	16.02	7.24	9.46
NW_022145594.1:19351947_19398680	16.62	23.34	11.99	12.64
NW_022145594.1:19657290_19787366	17.06	20.5	6.51	18.4
NW_022145594.1:19811562_19822878	23.29	16.52	7.09	7.85
NW_022145594.1:19863513_19927898	17.87	17.43	9.83	10.17
NW_022145594.1:20160897_20175001	14.31	19.07	6.64	13.42
NW_022145594.1:20282439_20310283	23.47	14.29	7.54	8.25
NW_022145594.1:20324070_20335170	42.48	34.56	18.37	29.21
NW_022145594.1:20450387_20464924	29.1	23.02	18.03	6.76
NW_022145594.1:20640098_20668430	18.89	32.78	12.26	13.58
NW_022145594.1:20776707_20792631	14.58	18.08	6.64	16.14
NW_022145594.1:21405674_21424817	6.74	17.68	5.37	17.6
NW_022145594.1:21752765_21788728	48.04	27.36	26.95	39.81
NW_022145594.1:22030587_22045381	32.61	76.57	22.64	22.89
NW_022145594.1:22238706_22251814	74.69	37.15	18.33	20.7
NW_022145594.1:22253960_22267253	18.67	22.42	33.65	11.69
NW_022145594.1:22474899_22489880	17.93	20.83	13.4	9.92
NW_022145594.1:22559128_22573641	17.51	12.48	15.77	32.73
NW_022145594.1:23056918_23110184	15.45	6.89	11.27	7.05
NW_022145594.1:24241947_24255344	13.46	16.93	6.74	13.12
NW_022145594.1:24821925_24861940	28.14	22.74	17.7	14.85
NW_022145594.1:25279423_25332653	32.47	22.22	12.38	9.42
NW_022145594.1:27836051_27864337	18.35	15.06	5.05	14.52
NW_022145594.1:30080871_30131833	40.93	53.45	18.37	14.21
NW_022145594.1:30132079_30169559	51.47	84.09	29.53	23.91
NW_022145594.1:30386281_30401284	42.27	41.38	24.19	8.18
NW_022145594.1:31225593_31244606	84.98	81.27	44.71	33.36
NW_022145594.1:31458692_31480887	15.87	32.89	9.28	45.22
NW_022145594.1:31828964_31843620	26.65	26.77	11.26	21.03
NW_022145594.1:31894833_31950420	9.84	36.4	5.07	6.13
NW_022145594.1:31959864_31979278	13.5	24.07	5.49	8.79
NW_022145594.1:32103987_32133615	23.48	22.51	11.62	12.42
NW_022145594.1:33333625_33348949	20.39	16.07	10.71	6.71
NW_022145594.1:33626165_33637183	20.21	27.5	12.27	16.2
NW_022145594.1:35022922_35057902	14.06	22.05	11.98	15.13
NW_022145594.1:35144487_35169592	19.38	33.73	6.86	35.22
NW_022145594.1:35535885_35552291	15.42	27.13	5.32	10.56
NW_022145594.1:36020621_36037139	29.61	29.4	21.3	22.99
NW_022145594.1:36519384_36560684	10.29	28.4	12.59	31.17
NW_022145594.1:36870435_36915259	42.21	71.7	25.8	27.05
NW_022145594.1:37314791_37339125	14.23	19.75	10.26	24.87
NW_022145594.1:37834052_37862114	15.28	28.51	8.38	14.62
NW_022145594.1:38024962_38088320	8.73	24.31	7.68	10.5
NW_022145594.1:39834194_39847487	22.14	60.45	12.83	22.14
NW_022145594.1:39872312_39890128	29.22	91.35	13.83	23.89
NW_022145594.1:39975019_40120961	27.31	22.05	9.15	7.67
NW_022145594.1:40247941_40270842	17.85	15.45	10.18	20.13
NW_022145594.1:40769159_40782877	19.51	40.55	14.84	7.16
NW_022145594.1:41523637_41546772	28.4	32.69	11.49	19.71
NW_022145594.1:42469351_42499943	17.09	38.76	16.64	47.09
NW_022145594.1:43017254_43058192	16.18	29.04	6.85	35.77
NW_022145594.1:43255757_43276425	16.22	24.15	14.03	17.66
NW_022145594.1:43277072_43294111	33.64	28.15	15.71	14.6
NW_022145594.1:43407985_43453605	67.38	30.67	8.44	12.37
NW_022145594.1:45876528_45891841	17.52	24.73	9.69	28.49
NW_022145594.1:46191328_46202134	38.33	25.85	6.94	18.61
NW_022145594.1:46306905_46356920	18.01	32.58	6.59	9.25
NW_022145594.1:46389234_46425091	18.49	20.89	7.03	18.6
NW_022145594.1:46425099_46456378	11.28	18.29	5.41	31.43
NW_022145594.1:46568137_46602443	18.45	19.68	5.49	16.12
NW_022145594.1:46785617_46850441	28.56	16.89	6.08	15.42
NW_022145594.1:46911625_46979493	19.48	26.45	12.52	14.74
NW_022145594.1:47031352_47046027	38.1	38.68	16.17	13.99
NW_022145594.1:47241390_47251882	20.98	25.9	9.16	28.78
NW_022145594.1:47277931_47291767	23.5	18.74	6.51	7.2
NW_022145594.1:47334320_47350698	42.05	23.28	8.84	11.72
NW_022145594.1:47780596_47813927	20.95	20.62	8.13	60.73
NW_022145594.1:47984745_47995328	13.15	11.71	6.25	11.77
NW_022145594.1:48156424_48170832	24.37	33.24	10.69	23.65
NW_022145594.1:48751425_48763194	10.18	24.24	8.4	12.34
NW_022145594.1:48995483_49055682	15.53	16.38	11.21	10.37
NW_022145594.1:49061477_49132537	21.27	18.56	11.58	12.46
NW_022145594.1:49190959_49205727	47.72	19.56	18.89	16.52
NW_022145594.1:49208322_49242562	27.97	34.28	25.58	23.38
NW_022145594.1:49259067_49292066	26.19	29.05	30.49	18.79
NW_022145594.1:49423825_49446706	28.65	29.89	28.47	14.27
NW_022145594.1:50382613_50409951	23.14	96.14	20.3	40.54
NW_022145594.1:50691056_50751543	14.3	24.03	6.62	7.11
NW_022145594.1:51229290_51390085	17.0	19.33	7.13	17.45
NW_022145594.1:52109088_52196227	9.78	54.34	8.36	22.83
NW_022145594.1:52607428_52622189	19.19	24.08	7.0	26.84
NW_022145595.1:1379156_1391628	21.06	29.23	10.36	20.2
NW_022145595.1:1563167_1590860	23.34	42.2	14.19	22.31
NW_022145595.1:10332736_10386192	23.44	39.52	12.77	27.81
NW_022145595.1:16735572_16755289	47.69	51.85	34.26	41.89
NW_022145595.1:19425150_19439796	50.19	30.15	11.53	19.85
NW_022145595.1:19836166_19846754	50.05	76.72	20.29	27.13
NW_022145595.1:20270827_20292965	16.76	38.8	7.74	23.1
NW_022145595.1:20354956_20372471	21.63	31.52	7.98	23.9
NW_022145595.1:20701885_20744473	17.36	22.9	7.94	16.17
NW_022145595.1:21137326_21158161	20.12	24.73	12.93	33.72
NW_022145595.1:23099966_23115947	16.7	27.4	9.32	16.8
NW_022145595.1:23929094_23967016	16.74	19.04	7.36	11.29
NW_022145595.1:24711828_24727095	32.75	26.6	9.92	30.19
NW_022145595.1:25252955_25274894	31.78	40.37	14.43	35.98
NW_022145595.1:25575137_25592238	21.05	35.31	12.18	22.24
NW_022145595.1:26049660_26065404	16.64	20.76	13.56	29.25
NW_022145595.1:26078458_26096118	39.81	80.22	26.59	39.26
NW_022145596.1:266613_278853	28.82	30.26	11.74	45.59
NW_022145596.1:2114713_2129991	23.87	27.82	13.28	70.01
NW_022145596.1:2961437_2983353	31.77	35.37	21.13	15.29
NW_022145596.1:3505037_3523053	15.45	25.16	8.19	16.57
NW_022145596.1:4316468_4344772	16.21	21.64	6.84	18.39
NW_022145596.1:4495191_4511853	17.37	23.62	9.11	17.08
NW_022145596.1:4621092_4631511	16.78	21.74	7.81	25.37
NW_022145596.1:5724523_5752650	19.62	37.83	8.04	23.45
NW_022145596.1:6888019_6899064	21.79	26.04	9.17	23.13
NW_022145596.1:7416039_7432203	27.35	23.22	10.24	13.25
NW_022145596.1:10475687_10487814	18.31	15.97	8.35	16.88
NW_022145596.1:10488708_10501893	14.49	20.67	9.18	14.23
NW_022145596.1:10670421_10687213	10.98	20.06	5.63	18.94
NW_022145596.1:10696819_10773246	18.38	29.57	14.3	14.1
NW_022145596.1:12503417_12516375	41.47	29.26	19.67	16.4
NW_022145596.1:12885668_12909892	30.76	21.19	9.71	16.47
NW_022145596.1:13368504_13386655	9.33	18.97	7.92	8.63
NW_022145596.1:13989522_13999878	7.36	20.08	10.37	10.58
NW_022145596.1:14006299_14037670	6.66	22.45	10.82	14.41
NW_022145596.1:14075973_14087376	15.06	76.23	10.33	24.51
NW_022145596.1:15833545_15864982	14.69	18.94	6.63	19.63
NW_022145596.1:16972034_16984220	24.82	34.39	11.43	21.56
NW_022145596.1:17337171_17348791	29.66	99.96	8.35	9.18
NW_022145596.1:17968538_18027460	13.53	21.1	8.24	9.21
NW_022145596.1:18619741_18634486	26.54	27.74	16.92	23.02
NW_022145596.1:19724428_19759086	25.02	25.09	8.96	24.43
NW_022145596.1:20261215_20279299	28.15	27.23	14.24	13.39
NW_022145596.1:20433656_20488164	21.6	17.91	6.94	16.12
NW_022145596.1:20840484_20876078	27.84	30.33	15.24	19.4
NW_022145596.1:21078919_21097025	15.13	18.69	5.22	14.67
NW_022145596.1:21727856_21744987	14.1	15.4	5.58	16.61
NW_022145596.1:21914679_21949380	39.19	23.26	16.21	12.49
NW_022145596.1:23097106_23113991	35.34	33.95	15.94	89.73
NW_022145596.1:23362317_23378019	18.83	18.53	7.72	11.23
NW_022145596.1:24600742_24612625	33.52	56.52	8.1	43.56
NW_022145596.1:24615113_24627639	14.57	42.29	12.77	22.82
NW_022145596.1:26230786_26283454	24.63	44.1	13.01	21.37
NW_022145596.1:26326886_26348784	19.7	23.7	7.17	18.01
NW_022145596.1:26361210_26378029	16.83	22.42	9.23	27.75
NW_022145596.1:28719745_28739675	18.56	21.65	10.76	25.63
NW_022145596.1:28822776_28846808	10.43	18.43	8.94	20.39
NW_022145597.1:23799_34329	17.8	61.94	10.17	17.86
NW_022145597.1:319458_359423	57.59	90.04	55.42	12.74
NW_022145597.1:902056_921105	28.97	16.58	5.7	23.25
NW_022145597.1:1759341_1785247	39.92	19.05	12.24	12.82
NW_022145597.1:5046545_5058601	25.41	39.93	10.65	33.11
NW_022145597.1:5835852_5850279	38.05	36.53	14.06	26.11
NW_022145597.1:6204465_6220630	13.06	19.27	6.77	21.84
NW_022145597.1:6359610_6374137	21.85	32.66	13.15	14.49
NW_022145597.1:7162762_7189091	23.57	42.12	9.98	11.67
NW_022145597.1:8249176_8263725	11.43	16.95	6.71	14.53
NW_022145597.1:8739357_8771376	14.27	20.11	7.1	20.51
NW_022145597.1:9541202_9564649	32.01	50.29	10.25	14.83
NW_022145597.1:9949524_9959850	18.32	8.15	16.68	19.99
NW_022145597.1:10062245_10079844	49.26	33.68	14.85	89.71
NW_022145597.1:10275101_10306934	14.22	22.79	6.83	15.61
NW_022145597.1:10479044_10494736	12.49	17.89	6.51	10.98
NW_022145597.1:10500296_10522604	17.37	23.92	11.3	18.52
NW_022145597.1:12414985_12643958	19.68	33.59	10.78	19.99
NW_022145597.1:13686998_13706657	33.9	42.79	25.2	23.59
NW_022145597.1:14225160_14239757	35.05	90.66	10.39	49.76
NW_022145597.1:15387855_15400245	15.94	17.38	8.61	16.99
NW_022145597.1:16232798_16244627	27.02	22.4	9.04	26.31
NW_022145597.1:17377592_17397732	22.62	25.0	13.38	22.78
NW_022145597.1:17692412_17723813	94.8	37.53	32.13	41.55
NW_022145597.1:17723991_17741740	34.38	14.96	20.34	13.59
NW_022145597.1:19520925_19548691	19.15	31.49	12.55	11.47
NW_022145597.1:20879883_20891695	29.55	31.63	12.78	28.95
NW_022145597.1:24915821_24925824	10.81	18.77	7.24	12.73
NW_022145597.1:26834287_26967606	20.69	37.32	8.51	17.51
NW_022145597.1:27514509_27536117	21.53	36.85	12.83	10.76
NW_022145597.1:29694108_29719903	16.24	9.21	9.78	7.23
NW_022145597.1:29720106_29735062	19.16	9.16	13.43	8.92
NW_022145597.1:30885892_30904256	18.7	36.35	10.75	18.47
NW_022145597.1:31970034_31981593	19.71	27.81	11.07	27.83
NW_022145597.1:32581861_32591936	23.1	46.36	26.39	5.11
NW_022145597.1:32631447_32683302	21.57	25.61	19.03	16.76
NW_022145597.1:33029378_33085051	14.12	20.09	6.67	20.34
NW_022145597.1:33310605_33329871	22.4	23.23	8.19	24.77
NW_022145597.1:33660856_33673510	47.9	43.01	9.74	31.04
NW_022145597.1:33754433_33790709	22.89	15.61	8.17	11.18
NW_022145598.1:21248_35296	18.23	26.83	9.08	8.84
NW_022145598.1:415949_444197	21.94	21.96	11.59	5.5
NW_022145598.1:1127105_1184188	29.16	36.2	10.04	23.06
NW_022145598.1:1481006_1510443	16.83	21.28	6.67	19.91
NW_022145598.1:1938413_2002140	39.42	36.77	14.79	20.43
NW_022145598.1:2674557_2690169	19.7	27.63	12.07	15.11
NW_022145598.1:3589563_3629098	28.7	30.53	14.46	35.74
NW_022145598.1:3630485_3641270	43.51	37.48	14.47	21.0
NW_022145598.1:4871690_4889295	9.37	16.44	5.38	21.18
NW_022145598.1:5374312_5393717	28.88	37.4	16.11	38.94
NW_022145598.1:7519899_7530443	17.25	20.9	7.28	22.48
NW_022145598.1:8055894_8073064	17.35	39.73	8.38	24.69
NW_022145598.1:8144888_8170380	18.36	15.54	10.77	52.99
NW_022145598.1:8232058_8244705	13.55	15.28	9.28	18.18
NW_022145598.1:8253209_8266853	34.85	31.01	25.48	20.66
NW_022145598.1:8325271_8337428	13.33	20.8	7.24	24.29
NW_022145598.1:8428930_8439555	16.43	21.92	10.34	19.83
NW_022145598.1:9571829_9585131	12.24	15.69	6.91	17.59
NW_022145598.1:10093348_10104091	16.26	19.23	8.18	15.31
NW_022145598.1:10168746_10181842	28.02	28.74	9.5	55.37
NW_022145598.1:10294765_10306219	25.5	28.17	9.7	53.52
NW_022145598.1:10514030_10537385	15.33	32.86	9.77	20.53
NW_022145598.1:10689868_10754468	23.59	49.65	6.81	26.32
NW_022145598.1:11214477_11249705	30.16	31.79	12.47	14.9
NW_022145598.1:11606568_11620901	15.39	12.16	9.5	5.72
NW_022145598.1:11856546_11868928	19.26	20.58	7.33	13.69
NW_022145598.1:12174078_12192374	12.52	14.0	11.79	12.24
NW_022145598.1:12228711_12259675	12.25	57.0	23.51	6.07
NW_022145598.1:12726039_12823104	17.82	50.29	11.66	19.31
NW_022145598.1:13413643_13436044	49.91	66.23	29.21	15.29
NW_022145598.1:13444798_13479798	25.54	39.79	14.76	9.3
NW_022145598.1:14548789_14572059	13.17	32.2	10.39	11.37
NW_022145598.1:15615416_15643837	13.34	44.2	10.74	18.55
NW_022145598.1:16276950_16293790	32.97	50.34	25.62	23.74
NW_022145598.1:17758479_17785131	7.86	19.81	9.06	27.0
NW_022145598.1:17955284_17965329	29.63	72.3	21.29	24.28
NW_022145598.1:18374890_18385462	11.92	12.24	6.27	12.54
NW_022145598.1:18861567_19004192	9.08	10.83	8.72	9.73
NW_022145598.1:19004272_19019378	16.33	17.79	6.02	15.99
NW_022145598.1:19355647_19400135	22.53	34.6	20.25	16.76
NW_022145598.1:19752388_19764348	15.14	20.1	20.94	13.79
NW_022145598.1:21114234_21188583	15.12	24.69	11.43	11.38
NW_022145598.1:21189607_21238773	10.11	24.57	5.99	10.39
NW_022145598.1:21476656_21488686	25.22	44.92	12.59	13.92
NW_022145598.1:21881012_21901515	23.42	9.64	5.99	11.53
NW_022145598.1:22928253_22946722	15.99	38.98	12.5	23.18
NW_022145598.1:23010739_23060287	17.79	28.16	14.08	12.38
NW_022145598.1:23178793_23191558	20.23	20.86	8.08	16.32
NW_022145598.1:23291716_23305406	16.75	23.71	6.99	16.53
NW_022145598.1:23398590_23514541	13.4	22.24	9.63	6.58
NW_022145598.1:23797043_23810826	14.64	16.2	5.38	15.71
NW_022145598.1:24789726_24800610	24.99	23.7	12.99	13.47
NW_022145598.1:24891303_24918418	33.62	23.51	13.93	8.37
NW_022145598.1:25107236_25117791	37.11	96.37	25.03	55.03
NW_022145598.1:26082808_26111450	14.26	19.11	8.37	11.59
NW_022145598.1:26202531_26223799	48.2	56.1	46.5	25.72
NW_022145598.1:26825886_26855703	23.7	28.27	10.31	25.23
NW_022145598.1:27501931_27609953	21.41	28.63	17.47	18.88
NW_022145598.1:28833390_28874191	17.67	17.29	6.55	8.74
NW_022145598.1:28881226_29030462	11.6	16.1	8.01	10.06
NW_022145598.1:29369878_29398931	32.83	33.66	15.56	99.22
NW_022145598.1:29409399_29526164	14.34	17.11	17.04	14.88
NW_022145598.1:30108149_30125457	26.98	25.8	16.07	16.57
NW_022145598.1:32016741_32088449	46.62	63.13	16.26	22.68
NW_022145598.1:32141290_32157112	23.11	43.4	11.83	19.39
NW_022145598.1:32277222_32296461	30.54	35.6	10.76	68.3
NW_022145598.1:32614541_32634764	39.43	64.22	10.01	12.77
NW_022145598.1:33431869_33486177	21.95	33.8	12.7	13.73
NW_022145598.1:33651115_33691584	8.68	14.7	7.41	8.41
NW_022145598.1:33931672_33941818	35.86	32.96	14.0	32.36
NW_022145598.1:34171053_34192475	28.36	49.84	11.2	21.51
NW_022145598.1:34473479_34488177	20.73	37.97	8.57	29.38
NW_022145598.1:35411851_35423517	39.46	36.07	18.86	8.54
NW_022145598.1:35453108_35464313	12.67	22.94	6.02	11.27
NW_022145598.1:35560846_35601112	21.22	29.48	10.04	21.48
NW_022145598.1:35626624_35644116	12.15	17.49	6.25	15.09
NW_022145598.1:35744388_35805152	21.01	24.49	10.68	45.58
NW_022145598.1:36257451_36273699	69.74	32.58	20.85	10.82
NW_022145598.1:36312894_36325145	14.57	34.27	9.74	17.47
NW_022145598.1:36732091_36763915	30.44	31.62	10.38	25.44
NW_022145599.1:469696_480192	17.91	20.46	8.14	24.34
NW_022145599.1:1353448_1400483	13.29	16.32	5.44	13.53
NW_022145599.1:2189453_2208584	13.02	33.26	15.32	10.8
NW_022145599.1:7425527_7438110	16.56	25.46	8.37	24.7
NW_022145599.1:8052931_8068202	17.79	28.04	8.02	26.22
NW_022145599.1:9461526_9616405	23.21	21.4	6.51	18.61
NW_022145599.1:9680811_9698536	86.5	62.79	20.96	72.44
NW_022145599.1:11045029_11347318	15.97	26.59	13.18	8.27
NW_022145599.1:12505633_12571355	32.08	31.12	18.22	16.1
NW_022145599.1:12591205_12602837	20.04	52.01	32.69	16.2
NW_022145599.1:12869745_12884386	15.68	22.95	6.14	22.3
NW_022145599.1:13285520_13300637	17.19	24.4	9.14	29.28
NW_022145599.1:13518527_13531054	14.61	41.04	8.84	22.38
NW_022145599.1:13958815_13979333	28.98	22.36	27.64	19.6
NW_022145599.1:14183880_14201255	36.78	18.65	16.48	15.55
NW_022145599.1:14694623_14706619	18.07	29.87	8.69	30.93
NW_022145599.1:15216662_15268931	43.2	46.65	19.73	11.1
NW_022145599.1:15270756_15302166	22.13	22.01	10.38	7.64
NW_022145599.1:15340347_15398845	28.47	25.83	10.41	11.36
NW_022145599.1:15561373_15665687	13.52	21.15	8.17	12.53
NW_022145599.1:15680816_15694028	23.35	39.46	11.78	9.15
NW_022145599.1:15853759_15868974	12.06	27.26	6.72	9.88
NW_022145599.1:18762577_18801078	13.13	20.25	7.27	13.1
NW_022145599.1:19051509_19063569	26.22	15.85	5.47	22.15
NW_022145599.1:20337206_20376092	6.6	19.39	7.87	18.31
NW_022145599.1:20847806_20882009	13.96	21.7	8.12	22.03
NW_022145599.1:20885018_20900949	18.75	20.81	5.73	18.21
NW_022145599.1:20936823_20947876	16.3	13.29	8.51	9.49
NW_022145599.1:21993973_22010306	31.0	45.93	14.1	10.47
NW_022145599.1:22833499_22865861	11.64	13.01	5.16	11.0
NW_022145599.1:23081795_23092596	33.59	24.86	13.52	9.63
NW_022145599.1:23296754_23309203	23.23	31.45	12.22	23.6
NW_022145599.1:24530397_24544178	27.57	21.68	36.17	12.99
NW_022145599.1:26564466_26577403	14.88	21.76	7.99	21.66
NW_022145599.1:27347212_27357980	20.84	48.22	11.59	8.07
NW_022145599.1:27919263_27953991	7.55	12.71	5.39	16.63
NW_022145599.1:28496917_28508133	17.21	37.06	9.47	11.87
NW_022145599.1:28839386_28851793	29.46	30.0	11.31	34.16
NW_022145599.1:28859365_28870373	26.32	31.66	9.58	36.44
NW_022145599.1:30844187_30864503	16.26	19.91	7.22	20.02
NW_022145599.1:31527992_31541625	24.1	48.31	22.04	13.86
NW_022145599.1:31621048_31646704	21.07	21.17	8.03	19.11
NW_022145599.1:31697811_31769480	12.9	15.94	7.45	19.27
NW_022145599.1:31864872_31878848	31.46	13.57	19.53	13.99
NW_022145599.1:32397587_32412309	17.83	19.45	6.9	15.93
NW_022145599.1:32431549_32453217	15.26	15.73	6.99	15.86
NW_022145599.1:32623695_32656452	14.48	20.28	8.13	12.64
NW_022145599.1:33267114_33290081	11.96	14.83	5.39	16.26
NW_022145599.1:33340788_33352194	22.69	48.18	12.47	34.48
NW_022145599.1:33362910_33374691	25.21	32.13	27.16	14.41
NW_022145599.1:34037556_34053712	24.28	24.92	9.82	14.09
NW_022145599.1:34340280_34355383	19.52	23.38	8.6	19.44
NW_022145599.1:34683304_34705761	69.5	46.23	12.31	23.31
NW_022145599.1:35049459_35068812	13.04	16.78	11.98	9.69
NW_022145599.1:36447156_36458080	47.57	28.4	11.17	18.96
NW_022145599.1:36691664_36719453	12.11	30.03	5.94	17.65
NW_022145599.1:37099041_37111992	18.5	35.6	8.05	26.16
NW_022145599.1:37191299_37205594	27.77	38.79	15.2	18.38
NW_022145599.1:37644407_37654673	24.71	27.08	10.57	21.16
NW_022145599.1:37657657_37679172	28.01	71.11	21.9	51.05
NW_022145600.1:215627_240482	13.47	23.83	5.99	11.73
NW_022145600.1:1348956_1367511	20.82	18.53	10.38	8.7
NW_022145600.1:1912383_1935206	23.78	34.89	23.93	19.44
NW_022145600.1:1989407_2086819	13.84	53.23	13.41	6.51
NW_022145600.1:2603063_2622470	19.59	18.76	6.26	29.88
NW_022145600.1:3270173_3281431	18.58	23.87	5.56	24.22
NW_022145600.1:3809912_3911394	15.12	18.67	7.17	15.24
NW_022145600.1:4298453_4320071	23.61	43.87	17.15	9.99
NW_022145600.1:4537744_4553999	14.84	20.8	6.98	15.47
NW_022145600.1:4732082_4757361	17.5	22.11	7.07	33.43
NW_022145600.1:5790375_5825201	30.37	47.09	25.08	5.95
NW_022145600.1:5911575_5921614	19.83	25.27	9.56	20.67
NW_022145600.1:6254194_6270297	36.78	36.33	21.57	16.54
NW_022145600.1:6346432_6356687	16.36	22.39	8.17	19.56
NW_022145600.1:6642913_6654203	19.95	34.72	9.13	29.04
NW_022145600.1:6827642_6842713	29.4	39.1	14.09	47.45
NW_022145600.1:7236582_7253396	29.1	43.65	10.03	13.87
NW_022145600.1:7258537_7268865	30.62	38.03	8.54	31.12
NW_022145600.1:7589902_7600407	19.73	30.4	7.03	16.05
NW_022145600.1:8020677_8050960	28.82	24.01	14.92	20.98
NW_022145600.1:8399595_8472619	18.9	13.82	5.51	7.98
NW_022145600.1:8482180_8500167	55.63	40.4	11.76	15.27
NW_022145600.1:8529050_8544113	14.67	19.09	7.65	13.85
NW_022145600.1:8741283_8933886	13.0	15.22	8.27	8.46
NW_022145600.1:9023518_9036109	14.88	28.78	8.53	27.73
NW_022145600.1:9116524_9160932	20.48	22.85	11.44	16.27
NW_022145600.1:9266525_9301189	40.67	34.1	10.29	19.87
NW_022145600.1:9423372_9435463	17.23	25.73	7.75	26.21
NW_022145600.1:9490592_9526819	19.74	27.45	11.13	13.01
NW_022145600.1:9745331_9756344	24.62	36.59	7.54	32.19
NW_022145600.1:10682182_10783497	14.42	28.99	8.42	11.58
NW_022145600.1:10811677_10881256	39.19	18.39	6.2	7.68
NW_022145600.1:11573143_11706011	20.26	58.48	13.13	44.59
NW_022145600.1:11907827_11936090	16.0	19.93	8.03	22.51
NW_022145600.1:12101985_12117819	12.48	32.64	13.46	8.66
NW_022145600.1:12266463_12288092	16.83	22.15	7.35	17.37
NW_022145600.1:12822717_12837506	13.24	18.04	6.4	15.47
NW_022145600.1:12949618_12963245	13.9	20.58	6.68	13.61
NW_022145600.1:13607110_13640840	11.29	22.34	8.67	12.46
NW_022145600.1:14037175_14048818	23.52	25.74	10.76	21.56
NW_022145600.1:15017501_15035870	21.08	33.66	11.35	13.28
NW_022145600.1:16339005_16349699	68.98	88.74	37.05	16.16
NW_022145600.1:18396312_18408136	23.77	28.95	11.43	10.51
NW_022145600.1:18739655_18782988	34.68	26.58	12.65	9.41
NW_022145600.1:18848382_18868897	29.42	24.12	23.87	55.14
NW_022145600.1:18895665_18915989	30.05	44.39	18.13	19.45
NW_022145600.1:19041360_19052103	15.39	43.43	15.36	23.38
NW_022145600.1:19293098_19303248	36.55	44.27	27.68	47.99
NW_022145600.1:19338541_19349602	17.37	30.68	8.29	16.38
NW_022145600.1:22140411_22157670	14.46	14.72	5.89	17.97
NW_022145600.1:23117970_23138806	15.48	19.99	7.43	20.95
NW_022145600.1:23284021_23316415	20.41	28.58	7.95	23.76
NW_022145600.1:23347480_23358396	13.78	18.19	12.17	25.39
NW_022145600.1:23500163_23515632	20.32	17.8	6.36	21.51
NW_022145600.1:23639080_23652321	16.42	16.65	6.31	14.87
NW_022145600.1:24060181_24070800	18.53	38.64	10.4	9.59
NW_022145600.1:26363563_26373595	22.42	32.99	8.71	22.17
NW_022145600.1:26539164_26678675	32.42	16.14	8.79	20.1
NW_022145600.1:27299320_27310895	21.48	19.37	7.68	28.99
NW_022145600.1:27412287_27439086	18.53	21.63	7.79	23.35
NW_022145600.1:27619613_27632695	27.69	26.22	12.35	28.56
NW_022145600.1:27725792_27843389	15.76	14.65	6.6	8.53
NW_022145600.1:28647860_28659907	13.26	19.46	5.87	21.87
NW_022145600.1:28877925_28903176	14.37	22.74	6.11	19.19
NW_022145600.1:29027150_29089466	16.35	19.62	8.22	16.14
NW_022145600.1:29560037_29570813	19.03	20.98	6.7	22.42
NW_022145600.1:30037467_30077403	27.62	29.21	18.56	25.5
NW_022145600.1:31530101_31541845	17.2	14.87	10.3	13.04
NW_022145600.1:31675760_31686063	29.88	30.43	15.69	15.55
NW_022145600.1:32440649_32451163	20.37	16.27	7.65	12.03
NW_022145600.1:34250700_34261402	37.43	30.73	14.27	18.54
NW_022145600.1:34484661_34539939	19.86	35.21	9.78	10.7
NW_022145600.1:34891317_34906934	16.39	29.9	10.5	13.83
NW_022145600.1:36758677_36777508	65.27	63.51	36.71	89.64
NW_022145601.1:162156_198983	27.5	36.11	10.11	24.28
NW_022145601.1:210616_229588	12.62	15.49	5.05	19.62
NW_022145601.1:616748_629697	24.01	47.68	24.92	32.64
NW_022145601.1:756440_832551	28.68	68.62	31.25	13.46
NW_022145601.1:1311098_1321718	22.29	38.05	9.76	23.82
NW_022145601.1:1387194_1397729	30.03	25.26	12.37	29.32
NW_022145601.1:1644847_1684055	28.14	23.75	20.57	15.45
NW_022145601.1:1954640_2020354	20.39	24.7	8.83	13.96
NW_022145601.1:2785795_2818488	15.41	14.19	8.49	26.04
NW_022145601.1:3363260_3373917	18.71	28.68	12.27	31.73
NW_022145601.1:3424449_3462585	34.52	75.06	9.7	37.4
NW_022145601.1:3518715_3551290	12.03	22.77	6.06	18.81
NW_022145601.1:4671428_4706034	16.23	20.04	9.88	8.33
NW_022145601.1:4720357_4736199	21.65	37.33	15.64	9.52
NW_022145601.1:5185191_5200052	21.95	14.78	6.72	20.97
NW_022145601.1:5503865_5520031	23.96	41.51	13.71	17.83
NW_022145601.1:9626487_9651439	22.45	31.6	14.32	64.94
NW_022145601.1:10021733_10032529	22.35	14.47	8.27	11.87
NW_022145601.1:10248507_10277211	18.4	35.86	21.63	16.73
NW_022145601.1:10277883_10387755	24.11	37.73	17.81	15.74
NW_022145601.1:11398768_11425501	26.54	24.74	10.6	6.93
NW_022145601.1:12223844_12374345	10.36	17.02	8.68	26.01
NW_022145601.1:13306869_13323665	13.06	24.19	5.18	9.83
NW_022145601.1:13350828_13370205	13.43	17.54	8.33	12.35
NW_022145601.1:13440551_13467587	19.28	24.49	7.58	19.14
NW_022145601.1:14420469_14447008	17.57	27.96	7.41	16.77
NW_022145601.1:15857952_15874472	26.14	40.37	10.83	21.91
NW_022145601.1:17002863_17014068	26.85	30.82	55.32	10.27
NW_022145601.1:17043155_17066839	11.3	13.26	5.36	16.83
NW_022145601.1:17355738_17368809	15.61	19.54	7.36	13.18
NW_022145601.1:19205211_19215265	79.32	66.67	52.8	21.56
NW_022145601.1:19706849_19718804	15.16	23.53	12.02	34.86
NW_022145601.1:19997660_20031536	19.36	32.21	11.08	12.96
NW_022145601.1:20535590_20546394	65.68	25.25	23.39	9.99
NW_022145601.1:20982184_20996041	24.78	24.05	11.14	19.51
NW_022145601.1:21005848_21050266	15.57	16.15	6.73	14.53
NW_022145601.1:21078152_21090642	14.63	18.37	6.39	9.13
NW_022145601.1:21482285_21503606	12.74	17.18	6.49	12.84
NW_022145601.1:21538197_21558713	20.08	22.31	9.54	17.19
NW_022145601.1:21616878_21627860	24.18	23.42	10.91	20.98
NW_022145601.1:21630046_21658036	15.6	18.64	7.27	17.54
NW_022145601.1:22252125_22285391	27.31	34.16	14.46	45.9
NW_022145601.1:23043236_23056917	16.31	21.55	9.33	5.55
NW_022145601.1:24878647_24901644	12.76	18.16	6.45	15.78
NW_022145601.1:26143006_26157316	19.73	28.12	8.15	60.12
NW_022145601.1:26340709_26355140	12.4	10.84	6.15	10.34
NW_022145601.1:26866294_26930347	15.81	17.8	9.58	17.5
NW_022145601.1:26936888_27005858	21.52	22.56	11.06	22.37
NW_022145601.1:28715080_28732665	25.98	28.07	11.12	16.02
NW_022145601.1:31141149_31155148	9.29	29.3	32.87	11.68
NW_022145601.1:31213117_31223831	8.31	21.42	19.77	8.06
NW_022145601.1:31689297_31704341	13.94	56.05	18.79	13.91
NW_022145601.1:32546935_32559912	32.91	29.85	18.13	11.46
NW_022145601.1:32624240_32644829	26.75	24.87	10.82	9.78
NW_022145601.1:32656188_32748666	21.74	21.38	9.86	12.35
NW_022145601.1:32848321_32858864	14.71	35.92	7.59	14.86
NW_022145601.1:32913132_32945382	15.23	17.69	11.92	17.01
NW_022145601.1:33212179_33234511	15.94	22.55	7.5	16.04
NW_022145601.1:33661780_33713761	18.12	14.08	5.45	14.99
NW_022145601.1:33802217_33852675	28.14	33.85	13.17	17.83
NW_022145601.1:33873206_33927691	22.9	32.22	16.48	7.04
NW_022145601.1:34281614_34295678	24.56	26.62	7.39	29.64
NW_022145601.1:34903384_34915180	13.23	23.95	7.53	14.43
NW_022145602.1:2139671_2168267	22.65	32.18	9.43	19.99
NW_022145602.1:2785210_2799564	46.39	58.98	26.84	71.96
NW_022145602.1:3358557_3382924	13.95	14.07	7.18	11.82
NW_022145602.1:3442639_3461323	20.71	21.73	8.31	29.9
NW_022145602.1:3907540_3920842	32.68	20.09	16.5	14.31
NW_022145602.1:4597487_4611357	12.56	14.68	7.66	19.92
NW_022145602.1:5065290_5076242	19.5	25.11	10.65	18.14
NW_022145602.1:5192144_5212134	12.39	15.01	5.47	12.68
NW_022145602.1:5484036_5505214	16.49	31.74	17.88	11.26
NW_022145602.1:5547697_5573285	18.92	37.33	15.46	7.96
NW_022145602.1:5610247_5629673	30.96	76.07	14.92	7.47
NW_022145602.1:5706631_5746615	25.37	32.29	10.01	13.28
NW_022145602.1:6006920_6023113	22.74	27.97	11.82	22.11
NW_022145602.1:6156351_6172284	21.08	21.95	8.83	26.08
NW_022145602.1:6434720_6449610	8.58	17.7	5.63	12.67
NW_022145602.1:6808929_6822670	16.94	16.61	6.64	24.8
NW_022145602.1:7662438_7672602	20.15	23.75	9.59	20.12
NW_022145602.1:7673480_7683932	13.0	23.62	10.7	29.16
NW_022145602.1:8283039_8296233	28.83	56.68	35.31	17.69
NW_022145602.1:10193308_10204966	33.96	24.61	30.67	28.11
NW_022145602.1:11033277_11045993	23.63	31.69	13.52	15.26
NW_022145602.1:11344166_11500739	11.43	31.93	9.05	20.86
NW_022145602.1:12822832_12844801	13.34	16.87	5.95	14.67
NW_022145602.1:12872271_12883756	8.92	12.53	6.82	18.41
NW_022145602.1:12991909_13007032	36.81	50.68	23.2	41.11
NW_022145602.1:13210380_13239360	18.81	27.65	8.98	35.64
NW_022145602.1:13985197_14005216	35.88	59.64	27.42	86.04
NW_022145602.1:14103521_14117585	14.17	20.28	10.23	25.43
NW_022145602.1:14145143_14161277	20.9	23.38	11.03	20.39
NW_022145602.1:14272190_14291835	19.79	40.15	6.94	9.37
NW_022145602.1:14301393_14407177	11.99	48.37	9.08	8.65
NW_022145602.1:14882332_14925189	19.39	22.59	10.41	17.05
NW_022145602.1:15225265_15238773	14.37	19.63	6.87	19.82
NW_022145602.1:15914540_15946762	13.73	24.09	8.61	12.62
NW_022145602.1:16468086_16509838	10.49	19.91	8.5	9.19
NW_022145602.1:16988309_17009138	13.63	14.74	8.66	7.58
NW_022145602.1:17102856_17207513	9.84	19.09	9.87	13.77
NW_022145602.1:17220648_17231364	27.23	26.34	9.4	10.6
NW_022145602.1:17249642_17414882	28.9	43.38	16.65	11.09
NW_022145602.1:17604029_17620936	24.7	37.95	16.72	23.49
NW_022145602.1:18381731_18398324	18.62	46.0	15.07	11.15
NW_022145602.1:19220293_19239088	24.19	25.35	10.9	17.83
NW_022145602.1:19951389_19982900	8.76	15.12	6.6	11.24
NW_022145602.1:21108517_21120107	10.13	19.55	11.16	12.01
NW_022145602.1:21710504_21775433	14.85	14.44	7.22	13.94
NW_022145602.1:22494670_22520355	13.27	15.56	12.4	5.87
NW_022145602.1:22698394_22714408	21.08	62.04	10.24	8.75
NW_022145602.1:23863225_23876966	24.1	20.13	8.5	14.6
NW_022145602.1:23946416_24183233	10.11	21.12	8.97	9.66
NW_022145602.1:24183272_24319671	11.85	26.21	11.37	10.02
NW_022145602.1:24337852_24360353	30.48	44.56	14.34	28.39
NW_022145602.1:24819245_24832777	5.62	33.52	11.85	9.59
NW_022145602.1:25083213_25093504	9.18	22.08	8.0	10.76
NW_022145602.1:25185845_25197204	24.18	7.28	20.76	36.26
NW_022145602.1:25218573_25237621	14.6	16.34	10.52	5.19
NW_022145602.1:25595503_25606293	6.24	30.86	11.6	10.76
NW_022145602.1:25992451_26004795	30.05	27.97	13.31	15.47
NW_022145602.1:26068194_26092318	28.53	30.68	15.99	14.23
NW_022145602.1:27686344_27754590	22.89	24.73	15.4	7.84
NW_022145602.1:27926831_27943044	22.64	35.51	14.4	15.98
NW_022145602.1:28600680_28635622	10.24	19.58	12.16	14.33
NW_022145603.1:686255_702128	22.85	27.82	14.05	13.71
NW_022145603.1:782819_830723	21.68	32.08	16.04	17.38
NW_022145603.1:1699308_1711839	17.41	35.16	12.24	10.29
NW_022145603.1:2498733_2510937	19.07	28.6	8.33	17.14
NW_022145603.1:2709146_2746404	15.32	18.84	12.48	18.59
NW_022145603.1:2911618_3018631	44.13	22.73	7.39	16.44
NW_022145603.1:3075243_3107480	32.04	52.79	72.16	51.07
NW_022145603.1:4508618_4521234	14.13	20.24	9.05	13.22
NW_022145603.1:4569529_4579987	20.92	35.98	16.73	24.0
NW_022145603.1:5631064_5641345	55.97	50.6	12.34	39.5
NW_022145603.1:5837697_5850667	15.56	12.6	5.29	28.4
NW_022145603.1:6935740_6952295	17.17	17.57	12.55	7.4
NW_022145603.1:7758697_7771408	39.36	48.24	16.69	6.07
NW_022145603.1:8320790_8333081	13.6	21.49	5.07	18.73
NW_022145603.1:10903124_10921775	14.92	15.62	6.47	24.53
NW_022145603.1:11214196_11276575	32.89	44.68	29.53	10.63
NW_022145603.1:11434088_11459950	13.57	32.46	9.12	9.36
NW_022145603.1:11794472_11807692	15.55	29.73	8.82	24.25
NW_022145603.1:12057690_12088026	40.84	69.87	33.96	31.16
NW_022145603.1:12105826_12156118	32.36	53.0	35.08	20.82
NW_022145603.1:12460561_12478498	21.84	31.47	31.93	26.56
NW_022145603.1:13963480_14004998	48.51	60.32	15.91	21.34
NW_022145603.1:14012801_14053562	48.33	57.32	25.24	84.2
NW_022145603.1:14331677_14344511	17.93	25.33	7.91	23.13
NW_022145603.1:14512035_14545224	17.82	75.44	17.04	10.39
NW_022145603.1:14578743_14620509	18.12	8.39	5.19	7.88
NW_022145603.1:15164526_15192845	35.14	62.41	17.42	24.82
NW_022145603.1:15457064_15536523	20.54	27.86	21.27	12.27
NW_022145603.1:15810115_15820842	22.23	35.01	9.86	19.17
NW_022145603.1:16361815_16374529	10.23	15.95	5.46	19.09
NW_022145603.1:16802718_16855277	31.77	44.81	10.46	28.16
NW_022145603.1:17394720_17410026	22.4	24.23	10.68	18.6
NW_022145603.1:17704924_17716021	62.19	73.65	11.81	61.98
NW_022145603.1:18119881_18130476	21.03	21.9	9.01	9.72
NW_022145603.1:18574906_18598316	12.98	35.36	9.95	21.75
NW_022145603.1:20530970_20601177	29.0	31.73	13.81	28.48
NW_022145603.1:21388703_21400929	24.13	32.02	6.96	17.51
NW_022145603.1:22604556_22616543	16.88	30.6	8.21	16.6
NW_022145603.1:22843093_22853980	26.49	24.56	8.93	10.32
NW_022145603.1:22854313_22875651	38.94	70.69	7.85	13.33
NW_022145603.1:22885000_22949126	17.86	43.38	6.97	16.94
NW_022145603.1:23155605_23167510	16.91	37.55	9.05	11.11
NW_022145603.1:23650952_23667841	37.71	42.34	12.4	74.37
NW_022145603.1:23826532_23842444	69.11	40.12	36.61	47.82
NW_022145603.1:25040874_25050926	25.96	26.73	12.08	39.17
NW_022145603.1:25840335_25884520	7.06	69.8	15.3	9.43
NW_022145603.1:26430247_26452162	40.08	50.95	6.76	7.81
NW_022145603.1:26499293_26520810	19.38	41.0	8.34	55.7
NW_022145603.1:26910040_26920276	18.26	33.76	5.78	19.68
NW_022145603.1:27688216_27700165	12.51	24.92	20.48	27.62
NW_022145603.1:27728911_27753289	12.78	40.96	14.83	16.97
NW_022145603.1:28224558_28236242	10.33	56.12	12.45	46.56
NW_022145603.1:28626823_28639155	44.54	52.38	10.04	38.32
NW_022145603.1:29963004_29990310	20.28	31.86	19.24	7.93
NW_022145603.1:30678189_30786972	23.63	31.12	13.22	28.18
NW_022145603.1:30971225_30989924	38.66	39.46	17.67	7.69
NW_022145603.1:31308995_31371855	12.8	25.17	7.82	13.7
NW_022145603.1:31375212_31390153	26.59	43.99	16.57	13.71
NW_022145603.1:31503604_31535871	11.02	11.31	5.44	19.49
NW_022145603.1:31543607_31562384	12.61	17.13	7.11	21.21
NW_022145603.1:31859814_31940066	20.71	21.39	8.86	9.55
NW_022145603.1:32319564_32339861	56.15	42.08	20.71	38.32
NW_022145603.1:32341048_32441449	19.99	23.27	6.36	11.29
NW_022145603.1:32812402_32935100	58.59	50.71	9.62	12.18
NW_022145603.1:33165604_33207940	14.83	16.61	8.19	14.41
NW_022145603.1:33770819_33789867	21.33	21.81	7.38	10.61
NW_022145603.1:33834987_33856598	20.91	20.12	6.65	14.82
NW_022145603.1:33957604_33973792	12.23	16.52	10.83	10.19
NW_022145603.1:34211202_34252700	24.6	25.75	7.73	10.19
NW_022145604.1:168780_198195	14.24	16.68	6.41	18.38
NW_022145604.1:200399_210808	31.66	53.93	10.79	18.14
NW_022145604.1:247946_262079	12.7	15.7	5.96	19.09
NW_022145604.1:338188_351163	29.99	42.97	12.52	21.74
NW_022145604.1:421248_434559	12.63	15.5	6.7	12.86
NW_022145604.1:508629_519989	26.42	44.15	18.93	5.82
NW_022145604.1:558307_577254	21.51	33.88	15.19	11.8
NW_022145604.1:1171721_1184158	16.2	22.87	6.85	16.21
NW_022145604.1:1500449_1515309	11.91	12.45	5.05	9.52
NW_022145604.1:3577578_3599993	24.45	72.72	20.53	21.8
NW_022145604.1:4090357_4105655	21.29	51.08	11.08	10.25
NW_022145604.1:4598448_4609443	39.52	39.27	10.82	18.71
NW_022145604.1:5333626_5346494	22.25	24.61	10.49	16.11
NW_022145604.1:5583177_5605896	18.36	19.68	9.6	19.71
NW_022145604.1:5625194_5650161	67.43	39.21	9.66	27.53
NW_022145604.1:5711325_5722189	29.99	38.37	11.21	32.43
NW_022145604.1:6040790_6055291	12.49	29.29	6.02	26.36
NW_022145604.1:6743388_6766525	24.81	22.52	11.33	10.59
NW_022145604.1:7590780_7603472	14.06	21.02	9.63	15.51
NW_022145604.1:8020089_8033924	10.51	22.06	10.34	21.13
NW_022145604.1:8035269_8055966	26.48	70.86	22.36	14.68
NW_022145604.1:8067397_8079290	25.86	52.51	29.89	12.35
NW_022145604.1:8097623_8133202	18.9	44.44	20.39	11.6
NW_022145604.1:8357506_8372977	16.06	21.79	7.21	10.51
NW_022145604.1:8878223_8889616	18.69	24.01	10.42	22.18
NW_022145604.1:9407235_9435218	18.24	31.42	8.73	14.13
NW_022145604.1:10207278_10218463	33.96	26.5	13.07	42.3
NW_022145604.1:10227300_10237426	30.76	40.96	15.88	30.82
NW_022145604.1:10243915_10256403	17.78	11.92	6.14	13.89
NW_022145604.1:10717279_10729122	23.76	30.81	8.21	29.23
NW_022145604.1:13166206_13179974	35.13	36.92	12.29	29.97
NW_022145604.1:13188911_13199030	31.55	83.1	90.37	17.88
NW_022145604.1:14060132_14071755	13.54	17.31	10.09	16.67
NW_022145604.1:14119898_14134102	19.51	22.86	8.01	16.43
NW_022145604.1:14205403_14310387	17.54	19.64	8.98	9.77
NW_022145604.1:15231209_15243040	37.39	55.46	16.04	11.1
NW_022145604.1:16039499_16054021	18.4	18.36	5.87	14.67
NW_022145604.1:16258667_16277684	11.47	15.73	5.32	16.11
NW_022145604.1:17811950_17832085	18.7	21.93	8.63	15.89
NW_022145604.1:17859509_17879494	9.15	13.84	5.24	13.62
NW_022145604.1:19940125_20022088	15.37	18.71	6.42	20.37
NW_022145604.1:20297228_20307241	13.97	23.61	7.86	18.56
NW_022145604.1:21039480_21057413	64.02	67.85	24.97	62.23
NW_022145604.1:21169090_21183275	7.5	15.02	7.66	8.91
NW_022145604.1:22439572_22461570	12.46	23.67	8.02	15.59
NW_022145604.1:23164647_23224783	18.2	18.12	10.22	18.19
NW_022145604.1:23229194_23244516	15.1	12.84	6.5	21.09
NW_022145604.1:24066587_24171222	14.96	26.95	5.24	11.8
NW_022145604.1:24451086_24486862	28.91	59.04	34.23	32.37
NW_022145604.1:24771746_24782036	32.39	32.63	28.93	11.55
NW_022145604.1:25021708_25035749	31.44	55.62	17.75	14.72
NW_022145604.1:27746525_27821076	28.41	35.66	13.72	12.6
NW_022145604.1:28073025_28145979	29.5	32.77	14.19	13.71
NW_022145604.1:28395947_28446173	29.83	15.18	12.58	9.99
NW_022145604.1:28447129_28458419	46.67	41.13	22.8	21.75
NW_022145604.1:28897018_28912126	20.98	24.02	13.29	15.32
NW_022145604.1:29055435_29067873	36.06	31.55	15.99	17.77
NW_022145604.1:29068512_29079774	40.95	20.51	28.46	17.05
NW_022145604.1:29531386_29555659	29.75	24.76	13.1	18.38
NW_022145604.1:29817299_29837305	17.98	31.12	10.48	9.63
NW_022145604.1:30132603_30220818	7.68	21.5	10.8	7.1
NW_022145604.1:30338570_30350534	18.21	25.92	7.08	13.4
NW_022145604.1:30456416_30469259	14.53	18.96	6.51	13.08
NW_022145604.1:31247735_31369231	14.73	17.42	10.53	13.82
NW_022145604.1:31393173_31406262	15.83	11.34	16.98	14.21
NW_022145604.1:31895519_31908255	11.5	37.01	14.77	13.99
NW_022145604.1:32039975_32057274	14.41	22.63	6.45	17.92
NW_022145604.1:32638396_32687638	17.1	25.3	14.63	9.67
NW_022145604.1:32703128_32776779	21.53	20.34	9.08	10.96
NW_022145604.1:33119541_33170782	19.71	21.05	10.51	22.8
NW_022145604.1:33180714_33249984	20.92	34.47	12.4	10.17
NW_022145604.1:33353325_33374145	18.33	27.67	24.83	5.8
NW_022145604.1:33394509_33412070	21.14	86.43	24.81	21.19
NW_022145604.1:33412289_33493087	7.85	11.4	7.15	7.04
NW_022145605.1:422133_476750	19.09	15.72	8.09	28.32
NW_022145605.1:593527_630817	19.88	23.22	8.11	19.06
NW_022145605.1:697058_713277	9.01	18.76	11.23	13.84
NW_022145605.1:1291643_1307998	24.12	28.3	10.13	17.5
NW_022145605.1:1928210_1943352	11.3	12.92	5.11	22.1
NW_022145605.1:2251455_2273269	29.65	38.62	9.27	16.49
NW_022145605.1:4480540_4507869	13.54	29.14	7.17	21.38
NW_022145605.1:4510453_4573553	34.7	31.32	9.0	11.27
NW_022145605.1:5001207_5014947	22.05	22.49	6.87	27.24
NW_022145605.1:5043448_5063564	13.07	32.91	12.78	13.86
NW_022145605.1:5103185_5126283	20.72	33.22	9.06	10.35
NW_022145605.1:8938745_8957093	24.08	22.5	5.7	22.98
NW_022145605.1:11753815_11886581	18.72	33.52	9.65	25.09
NW_022145605.1:12733794_12774965	38.59	33.36	16.34	22.69
NW_022145605.1:13095270_13110073	19.28	41.24	10.32	21.83
NW_022145605.1:13222218_13233541	19.35	22.15	10.11	20.34
NW_022145605.1:13355937_13368391	33.23	34.41	20.87	20.31
NW_022145605.1:13688943_13700295	10.01	18.23	7.2	18.83
NW_022145605.1:14670901_14681070	25.06	30.92	10.92	35.13
NW_022145605.1:14907066_14918335	25.18	18.72	20.47	15.78
NW_022145605.1:16025844_16036372	29.69	44.19	11.43	8.94
NW_022145605.1:16116874_16127017	32.53	24.97	17.52	28.41
NW_022145605.1:16305368_16334676	17.93	15.37	6.45	11.6
NW_022145605.1:17892986_17922659	15.29	20.37	6.49	19.31
NW_022145605.1:18247559_18265434	48.85	66.41	21.39	12.95
NW_022145605.1:19012846_19027256	17.71	21.59	8.05	21.21
NW_022145605.1:19129456_19140162	20.37	21.07	9.15	24.65
NW_022145605.1:21460589_21471770	26.65	29.67	11.71	29.69
NW_022145605.1:22609927_22634478	22.58	24.38	8.52	12.85
NW_022145605.1:22782973_22810852	27.36	22.33	7.89	20.52
NW_022145605.1:24313803_24324063	41.74	46.08	15.27	53.61
NW_022145605.1:24327050_24338468	27.05	30.86	10.31	27.59
NW_022145605.1:24340730_24353124	26.22	30.5	10.43	35.63
NW_022145605.1:24456624_24495424	67.36	52.85	29.29	17.87
NW_022145605.1:24627207_24660257	27.45	34.37	10.43	11.32
NW_022145605.1:28807487_28819556	48.26	65.22	19.84	54.43
NW_022145605.1:28843430_28853591	18.12	19.8	6.15	12.46
NW_022145605.1:29423900_29438649	21.95	24.51	7.74	28.96
NW_022145605.1:29791666_29843471	23.7	23.1	10.39	27.6
NW_022145605.1:30335513_30356971	56.9	62.64	20.86	19.5
NW_022145605.1:31785388_31823180	16.29	19.43	18.33	9.89
NW_022145605.1:32969924_33013595	47.63	22.37	22.55	18.75
NW_022145605.1:33153309_33223676	15.54	17.09	5.86	15.13
NW_022145605.1:35580802_35592378	26.71	15.09	20.37	8.06
NW_022145605.1:35841508_35861329	36.52	17.28	10.16	25.37
NW_022145605.1:36583874_36607670	27.13	50.48	13.02	26.06
NW_022145605.1:37529178_37561048	15.35	43.57	10.32	19.96
NW_022145605.1:37581356_37604378	16.99	19.92	8.74	20.86
NW_022145605.1:37605074_37626129	11.06	16.65	13.42	8.76
NW_022145605.1:38335212_38356359	15.59	25.33	5.66	19.1
NW_022145605.1:38423084_38445992	17.07	25.91	10.99	24.07
NW_022145605.1:39077557_39091732	35.51	47.37	16.68	31.2
NW_022145605.1:39583477_39607184	16.03	38.24	15.17	27.88
NW_022145605.1:39615152_39637577	14.15	14.32	7.22	10.38
NW_022145605.1:40121138_40159456	15.24	14.97	12.12	10.89
NW_022145605.1:40605404_40615450	23.28	26.48	10.55	25.73
NW_022145605.1:40677991_40695161	33.82	55.28	16.64	38.1
NW_022145605.1:40795415_40811281	19.93	21.92	6.19	20.33
NW_022145605.1:41191363_41223445	22.5	33.4	15.62	13.86
NW_022145605.1:41442582_41479320	17.6	20.52	9.76	8.33
NW_022145605.1:41633034_41653619	17.59	19.17	5.34	12.21
NW_022145605.1:41773792_41789034	13.68	15.19	5.76	14.94
NW_022145605.1:41801307_41816932	16.19	26.11	7.9	19.41
NW_022145605.1:41899246_41923306	17.51	20.86	7.73	17.99
NW_022145605.1:41974098_42020991	21.55	29.02	6.93	28.48
NW_022145605.1:42025276_42049298	27.63	16.82	6.18	12.42
NW_022145605.1:42050091_42066128	13.37	32.22	6.27	37.2
NW_022145605.1:42246668_42279720	13.7	18.18	6.3	17.83
NW_022145605.1:42299919_42326750	15.06	17.15	5.61	12.2
NW_022145605.1:42379037_42391293	11.22	16.79	6.28	18.54
NW_022145606.1:54069_173517	13.5	12.89	5.84	11.3
NW_022145606.1:177873_239416	17.58	13.94	6.51	19.34
NW_022145606.1:1325280_1393190	14.93	34.31	11.53	20.49
NW_022145606.1:2342682_2362073	12.21	14.36	6.32	13.2
NW_022145606.1:2827583_2928860	25.82	32.81	8.27	22.59
NW_022145606.1:2993093_3038768	33.4	46.6	23.91	13.28
NW_022145606.1:3184468_3218871	22.53	57.59	18.47	12.07
NW_022145606.1:3436838_3463517	35.3	57.32	22.48	29.66
NW_022145606.1:3463639_3500881	55.06	66.35	26.75	6.9
NW_022145606.1:3572139_3586872	20.3	31.88	11.78	38.58
NW_022145606.1:3768273_3783345	16.76	12.81	5.96	8.42
NW_022145606.1:3881379_3899702	19.35	15.14	13.47	41.52
NW_022145606.1:4055788_4079584	31.73	60.72	30.82	6.14
NW_022145606.1:4193724_4224562	8.46	32.44	18.01	13.74
NW_022145606.1:4331558_4352272	48.88	52.56	27.56	6.33
NW_022145606.1:4367124_4377242	19.74	44.6	24.09	29.11
NW_022145606.1:4400077_4463338	15.31	19.93	11.18	12.51
NW_022145606.1:4636147_4726912	51.57	53.18	22.69	8.29
NW_022145606.1:4759561_4797189	17.62	18.28	6.63	16.81
NW_022145606.1:4960384_5025896	12.68	17.14	6.3	15.41
NW_022145606.1:5415392_5432897	12.47	32.08	21.33	9.01
NW_022145606.1:5674433_5776845	39.82	38.22	6.61	7.94
NW_022145606.1:5884994_5907567	43.0	34.94	19.04	14.41
NW_022145606.1:6063132_6074879	19.46	45.1	11.4	13.48
NW_022145606.1:6198957_6219899	32.51	25.66	16.81	13.04
NW_022145606.1:7076939_7129282	13.89	11.94	6.41	5.77
NW_022145606.1:7804294_7815246	32.04	24.62	12.02	30.92
NW_022145606.1:8265146_8295670	27.79	37.05	16.71	18.36
NW_022145606.1:8435524_8543604	17.69	25.69	17.29	10.99
NW_022145606.1:8894375_8909365	23.55	30.23	13.27	12.34
NW_022145606.1:8972593_8986474	67.77	27.4	5.42	38.26
NW_022145606.1:9080995_9123906	35.18	41.18	28.25	15.45
NW_022145606.1:9128724_9152861	13.65	14.94	5.48	18.23
NW_022145606.1:9254596_9355539	14.79	23.35	12.7	12.26
NW_022145606.1:9601405_9674867	42.57	37.09	14.67	22.78
NW_022145606.1:10239356_10255619	21.04	37.7	13.1	24.16
NW_022145606.1:10590327_10600898	13.02	17.83	9.22	13.15
NW_022145606.1:11099870_11178393	27.81	10.63	27.39	11.08
NW_022145606.1:12258017_12281158	41.96	29.25	10.41	21.36
NW_022145606.1:12455650_12488416	14.02	17.8	25.52	9.33
NW_022145606.1:13045624_13068998	15.22	18.97	6.88	14.07
NW_022145606.1:13110755_13167655	45.06	59.41	22.44	50.82
NW_022145606.1:13202962_13223981	17.75	19.11	12.18	48.61
NW_022145606.1:13433203_13478738	20.81	20.67	9.31	9.08
NW_022145606.1:13532009_13544727	16.02	21.23	10.12	19.02
NW_022145606.1:13674045_13743127	12.22	30.78	14.79	21.82
NW_022145606.1:13927060_14053416	27.8	51.75	14.74	26.05
NW_022145606.1:14054849_14095596	17.88	25.68	6.94	22.11
NW_022145606.1:14147224_14191619	10.38	10.69	7.86	12.1
NW_022145606.1:14244766_14279650	14.76	11.04	11.83	11.34
NW_022145606.1:15044857_15061438	14.83	19.24	7.22	15.6
NW_022145606.1:15308634_15325861	20.32	19.77	12.16	18.78
NW_022145606.1:15563357_15587691	28.74	52.31	24.58	9.64
NW_022145606.1:15706729_15772870	17.49	17.55	6.25	21.13
NW_022145606.1:16055880_16067295	14.69	29.38	13.56	10.15
NW_022145606.1:16067318_16080159	20.71	55.15	15.18	25.96
NW_022145606.1:16233030_16255264	41.04	54.52	26.6	9.12
NW_022145606.1:16382814_16453640	65.51	59.86	31.11	9.31
NW_022145606.1:16538205_16550752	15.61	21.7	6.4	23.46
NW_022145606.1:18115406_18186863	15.93	16.94	8.94	10.98
NW_022145606.1:18558553_18600469	37.09	68.49	14.09	11.25
NW_022145606.1:19654863_19681024	13.01	9.03	5.16	10.95
NW_022145606.1:20326023_20339360	43.93	38.61	11.67	45.0
NW_022145606.1:20432940_20445238	29.33	30.4	15.47	8.67
NW_022145606.1:20579976_20732569	25.63	46.0	16.28	14.9
NW_022145606.1:20745833_20812877	16.29	38.16	11.87	7.0
NW_022145606.1:21099260_21114508	30.66	50.71	22.05	14.82
NW_022145606.1:21183123_21248017	17.43	23.33	17.74	9.76
NW_022145606.1:21284217_21297205	17.19	24.21	9.91	9.6
NW_022145606.1:21511253_21535736	12.41	21.57	9.46	10.95
NW_022145606.1:22090721_22113270	13.32	18.08	8.1	35.35
NW_022145606.1:22113856_22151457	9.77	17.4	5.69	44.07
NW_022145606.1:22193773_22209207	82.86	49.3	34.6	26.79
NW_022145606.1:22209378_22219623	28.87	32.31	7.59	14.25
NW_022145606.1:22224525_22294766	39.79	55.22	26.37	23.51
NW_022145606.1:22299903_22338592	42.41	37.01	9.59	10.16
NW_022145606.1:22552462_22570515	15.79	21.03	5.91	16.05
NW_022145606.1:22723200_22739392	24.11	42.87	10.58	13.11
NW_022145606.1:23420278_23476089	10.09	10.75	5.3	10.18
NW_022145606.1:23546273_23566485	17.75	27.01	9.45	9.5
NW_022145606.1:24619297_24705092	84.35	54.82	7.74	34.37
NW_022145606.1:25160553_25184275	18.94	15.58	8.93	17.75
NW_022145606.1:26557706_26681726	12.63	14.03	6.02	6.77
NW_022145606.1:26949588_26979968	9.31	38.51	6.23	21.89
NW_022145606.1:27019011_27029222	18.13	31.83	6.57	5.42
NW_022145606.1:27138730_27148819	24.41	12.22	13.52	6.76
NW_022145606.1:27392729_27404912	21.83	26.41	12.98	16.3
NW_022145606.1:27404923_27418720	21.21	34.07	9.57	16.03
NW_022145606.1:27688570_27709114	17.54	25.56	6.71	9.55
NW_022145606.1:28640054_28651490	14.91	26.98	10.95	13.94
NW_022145606.1:28721687_28746437	18.67	23.74	6.81	13.87
NW_022145606.1:28754751_28769964	20.54	16.72	8.4	8.84
NW_022145606.1:28998858_29029275	12.06	18.27	5.17	15.38
NW_022145606.1:29925738_29939324	53.43	72.5	32.79	9.55
NW_022145606.1:30964470_30980258	19.94	20.83	8.52	6.76
NW_022145606.1:31238080_31253229	8.18	11.99	5.13	14.74
NW_022145606.1:31829894_31848457	26.9	33.79	16.72	19.91
NW_022145606.1:32863311_32961277	54.0	47.3	10.06	43.99
NW_022145606.1:33012473_33024785	10.27	11.35	6.3	12.9
NW_022145606.1:33116384_33217651	17.65	23.23	8.13	8.9
NW_022145606.1:33750130_33828684	18.94	15.29	6.66	7.74
NW_022145606.1:33931610_33986563	8.44	11.09	5.36	8.01
NW_022145606.1:34080437_34125811	12.47	21.78	35.67	10.75
NW_022145606.1:34653499_34689795	10.82	16.71	6.92	10.01
NW_022145606.1:34822916_34865650	6.85	12.91	7.93	8.28
NW_022145606.1:34960491_35000760	5.59	10.67	5.71	10.66
NW_022145606.1:35088920_35151521	8.82	16.92	8.26	6.81
NW_022145606.1:35312640_35332883	34.17	90.37	20.06	14.07
NW_022145606.1:35376403_35392445	13.64	14.14	8.08	8.4
NW_022145606.1:36230090_36245646	9.93	18.0	9.26	10.2
NW_022145606.1:36306454_36339198	16.67	44.01	12.82	14.77
NW_022145606.1:36422759_36432810	19.68	51.91	19.04	27.44
NW_022145606.1:36558285_36584201	9.56	38.09	13.78	6.26
NW_022145606.1:37579198_37690586	12.17	13.88	5.55	6.58
NW_022145606.1:37902326_37923667	20.17	20.2	8.31	5.14
NW_022145606.1:38649745_38766822	28.9	33.19	18.78	13.8
NW_022145606.1:38777685_38814194	11.46	25.02	8.25	5.88
NW_022145606.1:38858131_38876942	15.0	23.49	9.05	8.25
NW_022145606.1:39108336_39129736	13.62	13.08	11.94	7.29
NW_022145606.1:39213943_39229177	19.47	27.17	11.13	20.38
NW_022145606.1:39837809_39949102	15.3	25.77	17.83	6.4
NW_022145606.1:40112016_40199072	13.39	23.81	17.26	7.34
NW_022145606.1:40304794_40323296	13.46	15.92	9.98	5.63
NW_022145606.1:40484651_40519824	20.94	46.43	21.31	6.08
NW_022145606.1:40594724_40655015	26.98	24.38	11.45	16.04
NW_022145606.1:41083697_41110010	29.64	65.66	72.57	14.09
NW_022145606.1:41201326_41282821	21.09	24.23	17.92	5.76
NW_022145606.1:41878808_41889037	37.52	28.62	48.84	10.4
NW_022145606.1:42724861_42780700	57.71	85.76	19.06	14.73
NW_022145606.1:43100403_43111970	35.16	44.31	25.83	10.98
NW_022145606.1:43325755_43340014	49.75	77.49	69.02	32.27
NW_022145606.1:43618374_43641000	19.03	30.23	10.62	21.66
NW_022145606.1:43840798_43869630	11.13	10.04	5.17	14.52
NW_022145606.1:44253180_44264749	35.91	67.29	14.09	22.96
NW_022145606.1:44326755_44336975	12.44	10.21	7.03	10.94
NW_022145606.1:44423857_44458663	13.67	20.85	8.3	12.02
NW_022145606.1:44956823_44975099	31.38	30.2	13.81	23.85
NW_022145606.1:45142947_45157669	17.94	41.54	12.65	5.93
NW_022145606.1:45397507_45446807	33.1	34.6	22.86	9.29
NW_022145606.1:45793455_45826853	11.63	18.18	6.73	14.2
NW_022145606.1:45861644_45889194	20.59	26.32	7.4	13.29
NW_022145606.1:46176516_46213772	13.35	30.54	8.32	18.72
NW_022145606.1:46238076_46276926	27.83	32.49	13.92	8.1
NW_022145606.1:46741526_46756704	25.81	31.1	8.78	6.23
NW_022145606.1:47056058_47140995	26.84	39.05	11.38	34.24
NW_022145606.1:47587197_47601931	27.71	39.9	15.49	18.86
NW_022145606.1:48456790_48490021	73.86	66.66	26.66	36.72
NW_022145606.1:48490149_48511413	49.4	44.25	23.54	72.33
NW_022145606.1:48683337_48733068	18.7	31.29	11.4	23.39
NW_022145606.1:48897376_48909375	45.09	31.35	19.38	28.57
NW_022145606.1:48926767_48945137	26.87	34.46	12.34	16.93
NW_022145606.1:49342901_49355235	25.69	26.28	12.57	24.98
NW_022145606.1:49355338_49397657	34.06	55.26	15.94	17.56
NW_022145606.1:49591474_49603416	23.92	51.62	21.49	36.53
NW_022145606.1:49904105_49918651	28.23	24.76	16.62	17.94
NW_022145606.1:50103778_50128920	47.52	58.29	28.56	24.6
NW_022145606.1:50320809_50350470	30.51	56.97	17.45	9.56
NW_022145606.1:50356145_50373810	22.88	47.29	18.02	9.04
NW_022145606.1:51318466_51329260	44.15	65.09	23.95	6.67
NW_022145606.1:51395305_51424430	48.48	70.53	25.39	7.13
NW_022145606.1:52049032_52105902	22.44	23.98	11.83	48.7
NW_022145607.1:1842940_1891253	30.29	39.77	13.57	30.48
NW_022145607.1:2279300_2293988	9.67	13.49	6.32	17.11
NW_022145607.1:2404565_2460706	17.15	16.39	5.11	10.0
NW_022145607.1:2865006_2985285	11.59	22.48	5.93	7.81
NW_022145607.1:3004445_3096869	13.1	17.19	6.0	28.7
NW_022145607.1:3474013_3510816	19.64	20.88	13.77	20.84
NW_022145607.1:4121462_4133496	19.72	37.25	6.42	15.05
NW_022145607.1:5254613_5265341	24.41	63.84	16.05	10.52
NW_022145607.1:5525366_5540257	17.19	25.07	9.54	25.76
NW_022145607.1:6370080_6388481	21.11	25.34	10.08	17.95
NW_022145607.1:6479727_6500482	11.73	21.27	6.37	13.77
NW_022145607.1:6530786_6543362	12.67	18.16	12.82	9.67
NW_022145607.1:7361813_7373629	13.01	17.55	6.9	17.94
NW_022145607.1:10498070_10540305	35.23	35.15	18.66	25.14
NW_022145607.1:10626921_10640679	50.93	62.53	19.87	5.49
NW_022145607.1:11093688_11107573	21.17	54.85	11.04	39.32
NW_022145607.1:11327791_11344169	12.16	20.37	5.4	23.32
NW_022145607.1:11468378_11541055	19.08	25.54	8.52	23.22
NW_022145607.1:12928488_12943867	62.04	56.01	21.95	19.04
NW_022145607.1:13505207_13562760	20.61	17.49	5.92	16.38
NW_022145607.1:13635092_13649711	12.07	32.96	13.59	15.09
NW_022145607.1:14121209_14131275	22.42	19.15	5.41	18.76
NW_022145607.1:15211542_15226169	14.8	23.81	7.75	19.17
NW_022145607.1:15426611_15442397	12.75	45.51	10.76	8.46
NW_022145607.1:15562433_15620862	14.99	16.28	6.93	16.94
NW_022145607.1:15646257_15658959	16.02	15.42	7.64	16.13
NW_022145607.1:16263667_16300358	17.65	24.59	7.56	20.41
NW_022145607.1:17104858_17140290	16.73	18.49	6.25	22.91
NW_022145607.1:17215762_17233907	16.64	20.35	8.29	21.53
NW_022145607.1:17367228_17452886	17.39	22.58	9.98	14.51
NW_022145607.1:17751883_17818338	9.01	23.44	5.22	37.32
NW_022145607.1:17913694_17925608	23.54	26.78	12.86	17.61
NW_022145607.1:18675173_18706486	11.5	16.09	5.64	15.49
NW_022145607.1:19795636_19806973	39.46	44.32	13.18	83.7
NW_022145607.1:21235043_21282525	17.37	21.52	7.76	15.95
NW_022145607.1:21529230_21556297	17.02	75.95	8.78	22.66
NW_022145607.1:21557019_21579794	25.12	28.46	12.81	10.34
NW_022145607.1:21822348_21860689	12.29	30.41	7.34	21.07
NW_022145607.1:22024469_22038318	15.31	32.99	26.41	12.16
NW_022145607.1:22040098_22059883	34.13	54.99	29.83	29.2
NW_022145607.1:22237602_22252550	18.95	40.79	8.42	8.4
NW_022145607.1:22827394_22842637	53.09	21.46	22.76	25.9
NW_022145607.1:23671402_23683790	18.44	33.57	10.65	22.88
NW_022145607.1:24348459_24397096	19.32	27.57	8.52	12.05
NW_022145607.1:24512203_24539158	18.55	21.17	9.42	18.88
NW_022145607.1:24937388_24948590	17.05	20.14	6.18	23.47
NW_022145607.1:25042249_25053380	15.22	15.49	8.86	10.98
NW_022145607.1:25754176_25780070	6.93	15.73	7.2	12.78
NW_022145607.1:25880538_25965081	15.36	19.4	8.63	13.04
NW_022145607.1:26378352_26395963	15.21	17.44	6.26	14.06
NW_022145607.1:26587261_26610489	28.12	25.44	10.32	16.11
NW_022145607.1:26672674_26793622	9.62	11.43	18.77	7.8
NW_022145607.1:26871015_26888352	14.04	18.09	7.78	13.97
NW_022145607.1:26961728_26980713	16.69	20.76	6.92	18.58
NW_022145607.1:27092765_27125816	27.17	30.07	10.28	18.27
NW_022145607.1:27168683_27186709	14.45	18.8	6.41	17.79
NW_022145607.1:27449562_27462111	19.38	26.4	9.89	18.73
NW_022145607.1:28027827_28047669	28.55	67.08	33.19	15.42
NW_022145607.1:28166703_28179562	23.6	16.8	5.55	12.98
NW_022145607.1:29031838_29048185	51.56	65.57	37.14	85.6
NW_022145607.1:29084723_29108591	57.92	84.22	35.23	24.96
NW_022145607.1:29110730_29126369	40.12	61.17	31.65	80.98
NW_022145607.1:29275283_29294744	27.08	31.11	19.67	31.51
NW_022145607.1:29909275_29937844	31.8	63.81	12.18	11.41
NW_022145607.1:30436264_30488890	14.2	20.34	7.12	10.15
NW_022145607.1:30847057_30859766	57.65	91.42	7.13	21.85
NW_022145607.1:30943630_30976682	25.84	35.5	31.3	35.33
NW_022145607.1:31145912_31163309	15.56	23.84	5.8	19.28
NW_022145607.1:31860059_31959835	17.12	27.05	10.44	8.42
NW_022145607.1:31960081_31979805	19.95	26.29	7.69	15.72
NW_022145607.1:32587818_32607338	27.78	32.16	15.36	27.46
NW_022145607.1:33040342_33051294	25.14	41.33	9.55	21.2
NW_022145607.1:33444705_33466334	30.29	23.75	16.63	18.77
NW_022145607.1:33577246_33594136	37.8	72.14	12.33	21.78
NW_022145607.1:33669372_33697046	13.15	22.23	10.58	10.05
NW_022145607.1:33896169_33910330	20.83	24.59	7.45	13.03
NW_022145607.1:33988097_34008164	22.65	21.75	8.11	23.28
NW_022145607.1:35333908_35350844	31.65	34.93	13.78	38.29
NW_022145607.1:35352115_35362290	18.94	28.96	8.32	30.28
NW_022145607.1:35386482_35424369	31.04	51.32	15.3	43.17
NW_022145607.1:35451866_35498069	30.93	50.58	15.95	8.83
NW_022145607.1:35943717_35964069	30.03	37.87	11.6	27.45
NW_022145607.1:36211889_36249559	17.61	36.95	10.6	10.37
NW_022145607.1:36303696_36315593	23.09	82.36	37.41	15.16
NW_022145607.1:36342384_36362847	14.42	20.18	9.48	18.44
NW_022145607.1:36650584_36661392	11.27	24.98	7.7	9.86
NW_022145607.1:36710135_36732716	20.55	20.93	11.91	11.34
NW_022145607.1:37182230_37215569	27.66	38.36	15.74	11.87
NW_022145607.1:37215607_37230456	25.43	45.12	12.88	15.15
NW_022145607.1:37361746_37391201	46.12	34.75	22.42	14.89
NW_022145607.1:37405689_37422241	45.34	11.37	10.1	12.56
NW_022145607.1:37552368_37564483	40.91	79.43	17.63	11.73
NW_022145607.1:37777662_37793906	20.68	31.4	13.38	20.03
NW_022145607.1:38132596_38144204	23.91	23.96	14.94	15.63
NW_022145607.1:38257329_38269140	14.85	12.72	8.44	23.19
NW_022145607.1:38338521_38356793	17.3	23.0	7.83	17.66
NW_022145607.1:38841165_38877957	21.04	28.27	10.22	14.45
NW_022145607.1:39178182_39189980	22.9	43.43	13.37	11.96
NW_022145607.1:40326194_40349089	17.49	17.14	5.08	13.72
NW_022145607.1:41211818_41222010	14.48	18.33	7.36	11.9
NW_022145607.1:41476929_41516565	15.1	18.44	6.95	16.65
NW_022145607.1:41817409_41842378	27.08	25.0	11.1	15.54
NW_022145607.1:42665544_42675650	28.91	19.77	8.27	8.42
NW_022145607.1:42724334_42736331	19.93	33.33	8.21	19.64
NW_022145609.1:218092_237823	19.75	25.49	9.33	19.32
NW_022145609.1:664919_695629	14.65	17.31	8.24	10.69
NW_022145609.1:1121911_1144612	14.16	23.47	5.25	22.12
NW_022145609.1:1852924_1863331	18.1	24.62	11.37	18.35
NW_022145609.1:2610499_2628134	25.66	16.69	5.75	8.62
NW_022145609.1:3384172_3407984	32.82	44.62	10.65	12.17
NW_022145609.1:4857982_4890764	36.49	33.35	27.19	40.75
NW_022145609.1:5136860_5241460	26.93	46.68	11.96	32.82
NW_022145609.1:5249471_5293831	19.03	25.57	12.36	22.49
NW_022145609.1:5456967_5470433	16.01	18.68	7.26	20.31
NW_022145609.1:5618490_5628752	11.45	19.62	5.54	17.61
NW_022145609.1:5689535_5706054	20.11	26.73	7.11	25.92
NW_022145609.1:5907394_5926806	15.6	29.25	8.33	18.65
NW_022145609.1:5990208_6003359	25.24	35.12	8.55	29.84
NW_022145609.1:6350718_6421423	15.07	18.63	13.24	14.79
NW_022145609.1:6439140_6492826	21.64	31.52	13.5	32.65
NW_022145609.1:6634455_6674105	9.76	19.98	10.79	12.23
NW_022145609.1:7007792_7041057	34.13	37.4	14.54	23.51
NW_022145609.1:7521910_7536026	31.8	47.35	12.64	34.02
NW_022145609.1:7750928_7761801	34.89	40.4	10.61	60.74
NW_022145609.1:7766323_7788772	21.27	40.43	11.32	7.58
NW_022145609.1:8230526_8240711	38.87	39.47	30.86	56.04
NW_022145609.1:8785288_8825686	11.95	15.64	6.45	15.67
NW_022145609.1:9053903_9083917	36.29	38.7	35.47	21.01
NW_022145609.1:9994581_10011300	15.33	16.94	5.72	12.53
NW_022145609.1:10136449_10148230	16.53	22.13	9.84	19.06
NW_022145609.1:11441733_11460399	16.87	19.08	7.11	16.93
NW_022145609.1:11469150_11507606	16.53	19.19	7.55	19.0
NW_022145609.1:11552684_11564256	23.24	24.22	7.86	21.37
NW_022145609.1:11600510_11612174	12.11	16.27	7.39	15.06
NW_022145609.1:12611431_12626461	38.2	23.08	13.55	14.25
NW_022145609.1:12949314_12981273	28.95	32.89	8.26	21.21
NW_022145609.1:13259589_13307281	14.27	23.68	8.73	8.47
NW_022145609.1:13520958_13535098	11.14	16.5	5.94	18.55
NW_022145609.1:13812682_13858910	12.65	16.69	6.69	17.92
NW_022145609.1:14469071_14499233	12.78	20.96	6.58	16.21
NW_022145609.1:14637220_14650413	12.41	30.78	6.31	17.15
NW_022145609.1:14659773_14675573	18.03	20.73	8.46	18.72
NW_022145609.1:16373664_16391626	17.24	23.12	7.66	14.12
NW_022145609.1:16920373_16934992	15.6	27.41	6.74	11.48
NW_022145609.1:18013426_18029945	28.85	44.96	15.03	55.85
NW_022145609.1:18172131_18273290	11.44	15.71	6.25	14.64
NW_022145609.1:18326250_18343271	15.69	17.21	6.41	16.24
NW_022145609.1:18440460_18452736	19.88	22.76	7.69	19.77
NW_022145609.1:18539908_18550347	44.19	94.28	33.56	35.26
NW_022145609.1:18878727_19111843	13.97	18.62	9.86	17.09
NW_022145609.1:19533546_19546150	21.34	28.33	9.03	23.07
NW_022145609.1:20375105_20434161	19.55	22.23	10.77	17.72
NW_022145609.1:21415587_21487183	19.89	22.92	10.72	13.63
NW_022145609.1:21838152_21856102	28.94	19.73	11.05	20.93
NW_022145609.1:22141127_22151834	15.32	28.03	9.58	20.64
NW_022145609.1:22549951_22568251	34.03	32.41	12.91	10.48
NW_022145609.1:23064435_23183789	16.41	21.64	10.74	7.64
NW_022145609.1:23380254_23391426	13.96	21.69	6.21	14.88
NW_022145609.1:24080770_24097101	37.93	17.9	15.18	13.34
NW_022145609.1:24109067_24132070	20.19	50.01	6.39	26.44
NW_022145609.1:25472170_25501801	25.2	19.99	7.89	17.21
NW_022145609.1:25545620_25649277	22.65	19.5	10.93	11.11
NW_022145609.1:25915171_25947183	15.49	27.54	8.1	22.09
NW_022145609.1:26272348_26282526	17.19	29.09	6.95	23.25
NW_022145609.1:26812532_26829998	14.46	19.3	7.93	15.82
NW_022145609.1:26840236_26854390	18.75	23.06	8.23	26.1
NW_022145609.1:26965416_27005952	23.89	36.84	18.62	8.43
NW_022145609.1:27620925_27633639	8.28	55.21	22.29	15.53
NW_022145609.1:29671137_29681921	15.01	27.02	8.48	38.19
NW_022145609.1:30442983_30460006	33.22	39.51	10.7	8.64
NW_022145609.1:30631926_30644889	17.3	13.84	8.0	24.1
NW_022145609.1:30965516_30977547	24.1	39.54	16.03	11.9
NW_022145609.1:31290037_31319000	16.09	31.12	15.65	19.61
NW_022145609.1:34708210_34722867	50.42	60.2	13.4	32.99
NW_022145609.1:34807777_34823415	42.28	51.12	16.34	28.23
NW_022145609.1:35842892_35860980	25.46	50.65	27.19	10.93
NW_022145609.1:35918954_35933328	18.25	43.4	20.58	15.87
NW_022145609.1:36137362_36259893	10.59	14.99	8.75	21.02
NW_022145609.1:36261928_36275455	14.17	24.63	10.35	12.19
NW_022145609.1:36589794_36605056	22.45	33.32	9.29	27.37
NW_022145609.1:36683619_36709586	18.75	17.16	7.21	10.52
NW_022145609.1:37309141_37374350	16.14	16.18	10.74	9.7
NW_022145609.1:37825149_37886952	14.03	17.36	6.85	25.76
NW_022145609.1:38091589_38123236	19.47	24.35	7.48	19.92
NW_022145609.1:38334964_38371393	16.67	30.06	8.77	19.99
NW_022145609.1:38504325_38527945	17.54	34.16	8.38	24.47
NW_022145609.1:38545284_38568239	13.67	18.71	6.34	14.06
NW_022145609.1:38656356_38720847	19.3	20.43	8.34	31.51
NW_022145610.1:281703_293122	15.75	20.46	8.11	23.0
NW_022145610.1:2271312_2297521	13.48	20.48	13.87	61.21
NW_022145610.1:4564053_4646606	7.74	14.91	10.59	12.22
NW_022145610.1:5185498_5195917	25.3	33.37	10.59	16.56
NW_022145610.1:5696457_5709561	25.61	44.91	14.88	14.7
NW_022145610.1:5876927_5936217	8.46	13.38	7.37	5.37
NW_022145610.1:7179887_7190367	43.18	79.36	31.98	29.07
NW_022145610.1:7700920_7711716	37.16	93.09	37.82	18.92
NW_022145610.1:8049221_8071344	22.56	28.72	11.99	13.49
NW_022145610.1:8142828_8154056	35.91	51.4	22.96	15.72
NW_022145610.1:8925394_8938570	43.09	60.98	12.84	34.18
NW_022145610.1:10009901_10044509	14.11	22.09	7.58	17.25
NW_022145610.1:12245558_12360666	12.56	17.49	6.97	13.61
NW_022145610.1:12462062_12476572	8.56	12.45	5.43	22.49
NW_022145610.1:13211324_13234184	18.5	17.33	7.88	13.89
NW_022145610.1:13468206_13544272	11.78	56.76	13.34	12.56
NW_022145610.1:14281078_14297058	44.59	55.17	19.67	20.35
NW_022145610.1:14412202_14425857	13.23	20.19	7.79	31.36
NW_022145610.1:15385999_15406439	16.26	21.85	8.69	22.49
NW_022145610.1:17189319_17202116	18.73	35.66	10.54	17.19
NW_022145610.1:17369470_17449551	18.12	30.82	11.22	15.81
NW_022145610.1:17634276_17645778	17.54	25.99	9.46	11.34
NW_022145610.1:18661971_18674079	13.59	21.34	6.42	21.61
NW_022145610.1:19876532_19886703	13.61	27.77	5.97	20.26
NW_022145610.1:20776901_20797031	22.09	23.59	10.19	11.96
NW_022145610.1:20862895_20892765	28.77	24.11	10.87	22.65
NW_022145610.1:22685325_22699103	37.27	35.42	16.09	15.82
NW_022145610.1:23927985_23961291	26.58	34.21	17.81	10.04
NW_022145610.1:23961913_23972285	20.28	21.46	13.73	6.12
NW_022145610.1:24512698_24588826	16.69	25.19	10.63	14.08
NW_022145610.1:25731878_25844149	15.01	46.57	12.7	11.35
NW_022145610.1:26458304_26533293	12.54	16.72	7.37	19.43
NW_022145610.1:26649787_26661495	18.16	34.8	17.35	13.11
NW_022145610.1:27426954_27438406	46.4	71.69	17.69	40.68
NW_022145610.1:28839464_28854583	38.01	57.87	21.94	13.89
NW_022145610.1:28879051_28958676	28.86	33.68	20.14	31.53
NW_022145610.1:28962860_29063722	11.73	19.96	10.02	6.66
NW_022145610.1:29264932_29282668	17.87	23.59	10.73	29.44
NW_022145610.1:29458263_29522801	10.05	15.15	10.14	8.22
NW_022145610.1:31155785_31167698	24.11	44.04	12.81	14.32
NW_022145610.1:32964101_32975683	46.9	63.78	16.92	20.59
NW_022145610.1:35383713_35393793	36.68	60.46	16.17	43.78
NW_022145610.1:35680198_35699613	11.57	20.75	15.15	23.35
NW_022145610.1:35780697_35793552	22.81	47.65	13.17	24.86
NW_022145610.1:35814816_35832261	19.29	28.22	12.3	74.68
NW_022145611.1:626795_681263	14.34	23.03	7.92	21.55
NW_022145611.1:1668153_1679051	23.85	40.49	15.27	35.96
NW_022145611.1:1995805_2012559	20.24	30.26	22.3	21.75
NW_022145611.1:2202600_2280953	20.56	19.87	7.1	17.57
NW_022145611.1:2841445_2857458	29.28	49.38	21.37	26.33
NW_022145611.1:3299258_3342585	85.77	34.54	25.3	10.51
NW_022145611.1:3367718_3381859	41.58	45.77	27.58	25.5
NW_022145611.1:4370212_4397701	30.76	44.15	18.69	13.74
NW_022145611.1:5538724_5565745	18.04	31.03	6.33	20.96
NW_022145611.1:5853937_5868861	64.0	54.6	14.96	91.72
NW_022145611.1:6550808_6564206	18.83	18.78	9.77	18.54
NW_022145611.1:6991743_7012709	58.04	53.9	30.2	14.91
NW_022145611.1:7234974_7246728	17.59	43.2	11.46	14.62
NW_022145611.1:7294557_7313030	36.93	35.72	17.64	20.86
NW_022145611.1:7323791_7359159	24.65	31.11	13.48	24.08
NW_022145611.1:7662804_7680159	31.34	41.65	13.92	20.11
NW_022145611.1:7711361_7724551	24.93	35.96	13.47	25.07
NW_022145611.1:8585398_8600113	19.0	31.47	10.11	47.48
NW_022145611.1:10646196_10666150	15.5	22.59	6.9	14.21
NW_022145611.1:13996115_14036549	12.95	19.14	5.66	15.3
NW_022145611.1:14762332_14772387	10.19	16.68	6.11	16.92
NW_022145611.1:20151671_20168013	26.7	32.26	13.31	19.67
NW_022145611.1:22455080_22465449	19.76	29.71	8.29	26.15
NW_022145611.1:23069979_23084043	14.26	19.26	5.51	22.12
NW_022145611.1:23551108_23562331	14.29	23.59	6.55	24.81
NW_022145611.1:26282733_26338433	15.44	31.86	15.51	6.25
NW_022145611.1:26522215_26538408	9.04	10.52	6.62	15.52
NW_022145611.1:26711671_26723847	12.93	21.95	8.12	11.43
NW_022145611.1:27245843_27257804	20.13	39.98	9.15	37.01
NW_022145611.1:27991051_28061579	15.47	20.12	6.33	22.95
NW_022145611.1:30115226_30125239	15.4	29.77	10.54	22.22
NW_022145611.1:30640427_30650719	19.46	31.46	9.57	22.53
NW_022145611.1:31310413_31322363	24.99	36.48	12.76	22.59
NW_022145611.1:32250982_32276603	16.33	22.08	9.45	33.18
NW_022145611.1:32882916_32921571	12.48	34.04	11.03	13.42
NW_022145611.1:33346889_33364702	17.22	32.91	7.03	24.93
NW_022145611.1:36154890_36169728	20.47	24.69	7.94	18.73
NW_022145611.1:37254708_37273510	25.1	16.35	9.59	12.83
NW_022145611.1:37590807_37603810	8.61	16.02	5.24	24.65
NW_022145611.1:37680174_37736815	16.5	21.55	9.19	17.64
NW_022145611.1:39001093_39015734	13.15	18.63	5.22	22.74
NW_022145611.1:39233099_39245449	15.66	20.48	7.66	25.68
NW_022145611.1:39827699_39893376	15.49	21.35	8.22	16.31
NW_022145611.1:39976573_39989086	15.64	17.0	5.65	16.87
NW_022145611.1:40182322_40195561	9.39	36.53	8.8	10.03
NW_022145611.1:40195667_40267763	13.17	31.56	11.7	11.42
NW_022145611.1:40555645_40584013	64.25	39.69	65.53	47.98
NW_022145611.1:41813424_41824602	20.98	24.92	9.12	21.77
NW_022145611.1:42637105_42648247	13.57	26.81	13.34	21.95
NW_022145612.1:931416_954340	59.25	67.87	20.46	38.39
NW_022145612.1:1183755_1200878	20.8	20.56	7.64	18.96
NW_022145612.1:1221074_1239080	23.44	28.37	10.31	42.51
NW_022145612.1:1250095_1265276	32.96	36.82	9.37	28.68
NW_022145612.1:1478461_1490906	45.86	53.51	16.0	29.57
NW_022145612.1:3966290_3980645	17.84	27.81	13.11	25.58
NW_022145612.1:6028947_6041184	15.29	27.75	6.05	35.17
NW_022145612.1:7128415_7142290	16.83	26.11	10.06	25.63
NW_022145612.1:7504684_7520906	12.15	13.99	5.78	25.31
NW_022145612.1:7855677_7869655	11.96	20.36	5.56	14.74
NW_022145612.1:8700048_8747327	24.66	41.61	48.28	31.6
NW_022145612.1:9162931_9178591	11.21	24.96	8.06	8.12
NW_022145612.1:9937809_9967139	32.53	16.87	11.91	17.37
NW_022145612.1:11289958_11308464	18.75	30.61	9.86	21.97
NW_022145612.1:12813745_12831120	13.12	22.11	6.56	18.44
NW_022145612.1:14627741_14638970	19.24	22.94	8.38	47.17
NW_022145612.1:14672922_14699084	49.72	56.24	20.47	61.21
NW_022145612.1:15060858_15073751	17.61	21.58	9.06	30.71
NW_022145612.1:16110501_16123608	12.56	15.87	5.26	15.52
NW_022145612.1:16862234_16887580	35.74	33.66	7.03	27.93
NW_022145612.1:20103380_20117674	27.14	35.92	11.19	40.6
NW_022145612.1:20534667_20554844	20.25	59.47	13.47	23.64
NW_022145612.1:20555030_20583643	16.87	29.21	9.97	16.32
NW_022145612.1:20606317_20616441	14.67	27.39	7.51	17.86
NW_022145612.1:20617564_20634030	22.13	34.17	8.22	24.31
NW_022145612.1:23168875_23180934	15.87	17.2	5.39	20.77
NW_022145612.1:23197118_23247749	15.05	22.87	6.12	14.89
NW_022145612.1:23530634_23543226	11.04	20.07	5.83	24.88
NW_022145612.1:25080128_25091728	13.84	18.36	6.96	22.32
NW_022145612.1:25217261_25279930	12.81	25.74	7.4	23.47
NW_022145612.1:25309928_25323924	16.07	19.01	7.08	22.16
NW_022145612.1:25377231_25410346	29.49	31.19	10.6	36.76
NW_022145612.1:25565804_25633268	7.72	25.85	11.79	10.69
NW_022145612.1:25830089_25840606	11.15	17.33	5.55	16.83
NW_022145612.1:26474376_26490321	23.73	37.6	12.81	25.55
NW_022145612.1:26897923_26920944	17.92	24.04	8.79	29.46
NW_022145612.1:27254300_27287603	14.83	18.54	6.12	13.75
NW_022145612.1:27807971_27818618	18.62	24.14	8.35	26.74
NW_022145612.1:28424798_28439861	32.72	30.35	10.8	11.65
NW_022145612.1:28481269_28492093	18.94	37.99	9.06	23.16
NW_022145612.1:28786291_28796520	27.99	39.54	14.35	17.22
NW_022145612.1:29858306_29875985	28.58	32.98	12.17	53.73
NW_022145612.1:30780223_30795374	11.93	15.84	5.71	18.34
NW_022145612.1:32866985_32898897	16.81	20.38	6.4	19.69
NW_022145612.1:33350228_33367323	16.2	21.46	7.4	17.38
NW_022145612.1:34282129_34298306	16.35	23.19	8.56	21.97
NW_022145612.1:35022209_35043886	26.97	39.68	15.77	62.82
NW_022145612.1:35062270_35072885	24.2	37.24	15.27	30.76
NW_022145612.1:35101936_35114155	25.6	40.94	17.39	25.81
NW_022145612.1:35136473_35150396	29.61	38.95	20.71	20.26
NW_022145612.1:35162094_35178708	29.29	43.6	17.0	23.02
NW_022145612.1:35508393_35526429	34.76	37.56	21.65	54.29
NW_022145612.1:35820736_35833138	24.53	47.86	10.89	24.56
NW_022145612.1:35910114_35932201	33.08	45.07	13.45	20.99
NW_022145612.1:36425919_36462482	44.12	81.13	10.61	13.52
NW_022145612.1:37215887_37226043	22.93	36.94	16.05	11.22
NW_022145612.1:37594040_37605488	20.53	27.51	11.33	31.42
NW_022145612.1:38603207_38613891	26.34	31.39	8.22	20.02
NW_022145612.1:38672249_38685721	14.13	23.5	7.34	21.0
NW_022145612.1:40992072_41003812	14.38	23.51	6.26	23.63
NW_022145612.1:41769239_41780953	14.81	25.38	7.52	23.81
NW_022145612.1:42107279_42125255	91.76	96.07	30.97	42.31
NW_022145612.1:42694184_42708671	25.6	55.25	14.37	19.38
NW_022145612.1:43853363_43864227	29.05	35.21	6.61	27.04
NW_022145612.1:44648631_44705703	20.99	21.69	7.59	24.47
NW_022145612.1:44828607_44858130	19.97	25.99	8.24	22.28
NW_022145612.1:44860366_44874574	14.19	16.83	5.7	21.58
NW_022145612.1:50821690_50837666	20.78	41.8	9.86	33.7
NW_022145612.1:51396212_51410520	28.75	61.74	18.95	14.3
NW_022145612.1:52387809_52400819	22.66	29.92	8.24	17.0
NW_022145612.1:52798052_52815833	12.22	17.7	5.08	15.08
NW_022145612.1:53782784_53795132	23.48	22.45	12.36	13.4
NW_022145612.1:57035136_57051554	13.74	22.43	6.05	22.88
NW_022145612.1:57639435_57657008	14.32	23.83	7.42	21.08
NW_022145612.1:58970968_58987795	95.61	97.44	35.45	32.59
NW_022145612.1:59890339_59903833	30.88	26.91	10.24	22.95
NW_022145612.1:60255214_60268427	33.26	58.71	12.4	18.73
NW_022145612.1:60555765_60568163	13.97	30.5	9.95	14.02
NW_022145612.1:61583795_61594529	40.85	52.34	30.09	30.33
NW_022145612.1:61779766_61790204	17.41	30.88	9.66	29.63
NW_022145613.1:1014414_1027224	18.19	23.71	8.94	24.45
NW_022145613.1:1652903_1669657	21.65	10.21	9.79	27.89
NW_022145613.1:1687715_1705957	24.78	47.64	14.0	18.3
NW_022145613.1:2279551_2311513	29.27	64.69	11.91	32.09
NW_022145613.1:2545607_2572732	18.3	15.14	6.21	8.16
NW_022145613.1:5274241_5285739	16.76	23.36	10.73	16.7
NW_022145613.1:6493224_6511095	19.22	29.91	11.1	9.96
NW_022145613.1:6898770_6910019	21.18	34.1	8.53	19.53
NW_022145613.1:7004000_7015927	18.62	30.38	8.45	17.52
NW_022145613.1:7585431_7597848	18.93	18.89	5.63	21.89
NW_022145613.1:7629532_7643314	16.57	20.46	7.03	9.26
NW_022145613.1:7647021_7713269	21.82	24.48	10.65	18.72
NW_022145613.1:8037608_8053517	34.63	27.98	13.89	7.32
NW_022145613.1:8156378_8167171	26.55	41.75	10.69	18.84
NW_022145613.1:8636698_8653950	20.74	24.04	9.13	15.62
NW_022145613.1:9943197_9966201	24.44	46.72	9.59	18.5
NW_022145613.1:10130904_10162569	23.58	14.54	6.77	18.03
NW_022145613.1:10494988_10508426	26.04	35.67	12.12	10.66
NW_022145613.1:10574918_10617957	19.1	35.68	8.08	16.37
NW_022145613.1:11026707_11038157	10.4	52.52	18.74	7.09
NW_022145613.1:11577813_11588330	23.67	27.86	10.19	32.05
NW_022145613.1:14463130_14500497	18.72	19.45	8.43	13.2
NW_022145613.1:14754501_14770402	15.36	20.29	7.38	18.84
NW_022145613.1:15163180_15173742	13.62	19.04	6.8	15.79
NW_022145613.1:15513330_15524755	24.86	53.35	11.61	25.78
NW_022145613.1:15703339_15777866	58.45	60.32	17.91	8.15
NW_022145613.1:17306927_17340589	12.78	22.42	7.57	19.24
NW_022145613.1:18104534_18115378	15.14	19.77	7.39	19.42
NW_022145613.1:18160589_18185397	13.66	19.61	8.32	14.47
NW_022145613.1:19243318_19260387	15.91	20.91	5.69	12.03
NW_022145613.1:19804833_19817346	23.87	28.04	8.79	18.05
NW_022145613.1:20762164_20775508	60.67	78.69	34.7	30.97
NW_022145613.1:21532957_21564852	27.26	53.05	19.0	31.19
NW_022145613.1:21565869_21589514	20.32	31.1	11.56	25.03
NW_022145613.1:23324681_23338367	25.34	28.18	8.85	13.57
NW_022145613.1:23622327_23634845	14.39	16.36	6.34	11.74
NW_022145613.1:23730810_23741909	25.64	40.31	13.89	39.92
NW_022145613.1:23957737_24007049	12.89	25.57	8.02	16.04
NW_022145613.1:24850638_24868379	57.0	48.44	26.63	55.41
NW_022145613.1:28665922_28685047	15.23	18.79	6.74	5.41
NW_022145613.1:30321508_30355664	23.81	16.26	25.48	16.56
NW_022145613.1:31772050_31790017	20.5	27.19	8.73	13.67
NW_022145613.1:31801755_31887105	22.39	47.45	16.86	14.23
NW_022145613.1:31889199_31921069	24.94	31.06	7.6	26.14
NW_022145613.1:36578666_36612888	29.2	32.52	15.01	21.44
NW_022145613.1:36870701_36890010	21.96	25.09	11.82	40.72
NW_022145613.1:38557817_38568544	24.21	30.63	6.9	33.74
NW_022145613.1:39007128_39025450	15.76	20.66	6.17	24.51
NW_022145614.1:6835_21760	19.05	50.53	12.89	24.68
NW_022145614.1:145009_155354	16.22	14.78	5.59	13.95
NW_022145614.1:363180_376664	87.21	50.0	25.13	18.29
NW_022145614.1:703203_714445	23.05	40.45	11.09	53.97
NW_022145614.1:1286336_1297917	19.0	33.33	6.78	6.82
NW_022145614.1:2350967_2371208	21.65	27.77	5.01	69.87
NW_022145614.1:3169395_3181508	21.87	27.76	10.64	48.13
NW_022145614.1:4170787_4186711	24.02	38.5	14.7	25.1
NW_022145614.1:4193503_4208708	14.12	25.78	6.84	10.64
NW_022145614.1:6205601_6220669	24.6	38.43	14.16	8.37
NW_022145614.1:6894407_6908162	34.31	24.22	16.01	27.7
NW_022145614.1:6908721_6929125	55.17	41.77	23.37	28.29
NW_022145614.1:8380004_8396386	14.52	39.28	17.61	12.97
NW_022145614.1:8658720_8679869	19.52	26.13	10.69	25.32
NW_022145614.1:8984995_9003067	12.9	22.03	10.13	18.6
NW_022145614.1:10494538_10510368	27.6	36.45	12.9	13.02
NW_022145614.1:10968572_10982259	27.44	36.66	18.66	10.79
NW_022145614.1:11004951_11039560	22.84	43.88	11.51	21.71
NW_022145614.1:12119869_12134644	44.08	36.57	12.3	20.06
NW_022145614.1:14944468_14955998	24.36	35.2	12.34	19.59
NW_022145614.1:16391127_16426469	21.87	23.19	9.3	8.93
NW_022145614.1:18430378_18443337	27.3	44.52	10.41	36.84
NW_022145614.1:18446682_18468982	37.69	29.02	13.66	26.03
NW_022145614.1:19076693_19090495	19.03	24.54	11.43	14.03
NW_022145614.1:23096174_23113747	58.77	58.96	39.88	8.02
NW_022145614.1:24107238_24122769	15.22	18.85	8.28	27.71
NW_022145614.1:29889043_29899096	19.21	27.61	12.07	20.69
NW_022145614.1:29966723_29977556	37.14	44.44	14.18	40.26
NW_022145614.1:30957121_30968520	6.59	22.17	5.24	32.22
NW_022145614.1:31637787_31655059	44.74	70.28	18.89	29.56
NW_022145614.1:32122012_32137801	24.06	32.38	17.51	8.16
NW_022145614.1:32741061_32776611	14.09	33.63	6.77	22.38
NW_022145615.1:530668_541591	14.74	26.35	8.22	23.84
NW_022145615.1:2035443_2050624	15.18	40.7	14.02	12.6
NW_022145615.1:3892692_3907377	17.7	34.73	23.09	52.65
NW_022145615.1:6228565_6238974	11.15	52.25	17.33	14.89
NW_022145615.1:6346033_6374448	19.65	37.21	9.72	12.15
NW_022145615.1:6990904_7001162	43.8	23.41	12.43	8.62
NW_022145615.1:7914872_7926032	10.06	22.75	6.32	6.72
NW_022145615.1:8271809_8289375	22.14	24.95	11.98	10.5
NW_022145615.1:10335989_10389380	13.27	19.18	8.47	21.94
NW_022145615.1:10601968_10612976	86.59	31.61	15.84	84.58
NW_022145615.1:12877558_12915287	11.3	21.12	5.93	14.1
NW_022145615.1:17535488_17546405	21.9	23.62	7.78	23.93
NW_022145615.1:20320299_20378039	25.09	40.3	14.54	16.69
NW_022145615.1:22374219_22384507	44.85	60.61	15.65	54.43
NW_022145615.1:22397164_22486714	19.92	24.3	11.48	23.51
NW_022145615.1:23978751_24001996	18.08	30.88	8.27	29.72
NW_022145615.1:25117811_25130341	18.71	22.19	6.56	26.97
NW_022145615.1:27451712_27466945	15.69	15.99	5.04	17.11
NW_022145615.1:28130915_28140967	30.64	28.01	9.07	29.27
NW_022145615.1:29735059_29750961	15.34	18.77	7.38	14.75
NW_022145615.1:34289712_34300390	21.58	23.64	11.54	19.77
